created_at,frequency
2010-06-06 15:10:28,2
2010-06-17 05:50:24,2
2010-06-08 11:33:05,2
2010-06-03 19:03:24,2
2010-06-27 15:31:25,2
2010-06-10 09:45:35,1
2010-06-29 11:35:10,1
2010-06-14 20:42:52,1
2010-06-08 19:10:58,1
2010-06-02 18:12:40,1
2010-06-15 20:14:46,1
2010-06-28 01:32:38,1
2010-06-21 11:43:45,1
2010-06-28 13:35:28,1
2010-06-21 20:48:04,1
2010-06-03 23:33:28,1
2010-06-27 07:56:06,1
2010-06-25 00:11:32,1
2010-06-21 06:58:49,1
2010-06-04 00:48:48,1
2010-06-06 17:39:36,1
2010-06-28 03:14:43,1
2010-06-08 15:23:18,1
2010-06-22 21:31:43,1
2010-06-27 08:08:01,1
2010-06-11 10:12:46,1
2010-06-03 08:25:17,1
2010-06-02 12:39:11,1
2010-06-16 00:54:17,1
2010-06-18 23:48:32,1
2010-06-06 19:33:58,1
2010-06-28 16:31:37,1
2010-06-14 10:07:38,1
2010-06-25 05:55:56,1
2010-06-02 01:23:26,1
2010-06-11 22:59:35,1
2010-06-20 12:09:29,1
2010-06-26 02:14:07,1
2010-06-22 10:21:19,1
2010-06-23 19:30:23,1
2010-06-24 18:02:18,1
2010-06-23 04:34:19,1
2010-06-07 09:16:53,1
2010-06-24 10:58:53,1
2010-06-27 11:57:04,1
2010-06-25 10:23:31,1
2010-06-12 12:31:10,1
2010-06-15 00:51:36,1
2010-06-12 04:16:06,1
2010-06-19 12:40:28,1
2010-06-19 05:42:25,1
2010-06-10 17:26:57,1
2010-06-17 07:20:29,1
2010-06-22 04:26:05,1
2010-06-12 15:40:43,1
2010-06-22 23:44:08,1
2010-06-19 22:48:39,1
2010-06-14 17:29:51,1
2010-06-15 05:17:53,1
2010-06-26 01:44:37,1
2010-06-13 14:13:22,1
2010-06-19 17:05:54,1
2010-06-19 13:23:51,1
2010-06-29 08:56:18,1
2010-06-25 03:33:59,1
2010-06-09 10:53:17,1
2010-06-24 04:58:32,1
2010-06-13 18:03:59,1
2010-06-18 04:08:54,1
2010-06-17 20:04:04,1
2010-06-21 07:34:08,1
2010-06-04 12:24:27,1
2010-06-21 16:01:24,1
2010-06-11 09:45:56,1
2010-06-20 19:32:31,1
2010-06-18 09:43:20,1
2010-06-01 11:56:06,1
2010-06-27 05:03:48,1
2010-06-06 16:53:03,1
2010-06-30 22:50:00,1
2010-06-06 03:10:43,1
2010-06-10 11:14:21,1
2010-06-14 10:05:02,1
2010-06-06 22:54:07,1
2010-06-19 04:51:53,1
2010-06-10 21:34:10,1
2010-06-28 03:46:27,1
2010-06-27 04:27:58,1
2010-06-29 12:32:01,1
2010-06-05 19:23:18,1
2010-06-08 13:49:33,1
2010-06-18 18:36:42,1
2010-06-14 17:08:19,1
2010-06-14 16:34:30,1
2010-06-12 17:06:29,1
2010-06-25 08:38:01,1
2010-06-29 07:16:07,1
2010-06-07 04:11:27,1
2010-06-17 05:40:57,1
2010-06-26 01:23:05,1
2010-06-02 10:24:02,1
2010-06-27 22:12:43,1
2010-06-06 07:26:25,1
2010-06-17 10:09:18,1
2010-06-06 04:55:34,1
2010-06-24 12:26:29,1
2010-06-13 11:24:13,1
2010-06-04 20:24:59,1
2010-06-23 15:41:11,1
2010-06-17 04:17:25,1
2010-06-02 12:08:56,1
2010-06-30 03:34:27,1
2010-06-26 18:21:01,1
2010-06-15 15:29:27,1
2010-06-11 03:11:35,1
2010-06-26 12:44:25,1
2010-06-20 13:25:24,1
2010-06-22 01:24:07,1
2010-06-20 06:52:12,1
2010-06-18 01:18:59,1
2010-06-21 11:49:48,1
2010-06-05 16:00:08,1
2010-06-29 23:43:14,1
2010-06-11 15:37:07,1
2010-06-14 15:29:39,1
2010-06-17 14:30:35,1
2010-06-02 20:56:56,1
2010-06-25 05:42:57,1
2010-06-20 07:35:08,1
2010-06-29 07:03:17,1
2010-06-08 13:46:10,1
2010-06-18 05:42:11,1
2010-06-08 01:06:54,1
2010-06-07 19:33:36,1
2010-06-28 09:15:34,1
2010-06-03 01:09:38,1
2010-06-01 11:52:55,1
2010-06-30 04:48:17,1
2010-06-07 14:06:15,1
2010-06-07 01:55:47,1
2010-06-12 03:17:31,1
2010-06-13 20:15:53,1
2010-06-01 01:10:59,1
2010-06-14 10:38:43,1
2010-06-05 12:48:23,1
2010-06-22 10:40:11,1
2010-06-27 22:47:10,1
2010-06-03 01:33:19,1
2010-06-03 05:26:26,1
2010-06-22 10:25:39,1
2010-06-04 09:30:35,1
2010-06-11 14:00:33,1
2010-06-04 07:35:34,1
2010-06-03 19:05:29,1
2010-06-15 17:09:28,1
2010-06-13 02:08:22,1
2010-06-02 23:21:31,1
2010-06-19 17:15:21,1
2010-06-21 19:20:06,1
2010-06-14 17:54:49,1
2010-06-01 09:07:27,1
2010-06-22 02:58:07,1
2010-06-11 17:53:21,1
2010-06-09 18:13:26,1
2010-06-14 11:35:25,1
2010-06-29 03:00:30,1
2010-06-06 05:21:10,1
2010-06-30 23:47:06,1
2010-06-24 21:05:53,1
2010-06-01 08:13:32,1
2010-06-28 00:55:23,1
2010-06-02 21:50:43,1
2010-06-15 10:12:12,1
2010-06-24 17:46:45,1
2010-06-09 04:24:30,1
2010-06-03 04:36:04,1
2010-06-17 09:52:18,1
2010-06-19 10:34:30,1
2010-06-05 23:48:40,1
2010-06-29 02:22:38,1
2010-06-06 06:56:22,1
2010-06-11 13:58:54,1
2010-06-25 03:48:45,1
2010-06-14 15:41:56,1
2010-06-02 07:25:40,1
2010-06-22 10:04:20,1
2010-06-11 05:56:13,1
2010-06-15 07:33:25,1
2010-06-04 08:16:59,1
2010-06-13 06:33:55,1
2010-06-08 18:10:35,1
2010-06-18 15:57:35,1
2010-06-11 20:06:43,1
2010-06-05 03:36:42,1
2010-06-16 03:30:03,1
2010-06-26 13:57:39,1
2010-06-08 14:20:23,1
2010-06-22 00:52:01,1
2010-06-05 12:35:42,1
2010-06-25 11:41:45,1
2010-06-07 11:00:28,1
2010-06-04 13:19:22,1
2010-06-05 23:10:20,1
2010-06-01 09:44:33,1
2010-06-26 08:54:37,1
2010-06-16 04:00:41,1
2010-06-15 23:28:11,1
2010-06-16 04:03:18,1
2010-06-24 15:55:12,1
2010-06-06 20:37:03,1
2010-06-23 05:40:50,1
2010-06-17 22:54:45,1
2010-06-21 11:53:36,1
2010-06-10 23:55:14,1
2010-06-06 20:57:38,1
2010-06-27 15:23:07,1
2010-06-23 04:19:31,1
2010-06-06 05:51:18,1
2010-06-15 02:15:03,1
2010-06-19 02:41:17,1
2010-06-15 12:17:22,1
2010-06-06 17:11:06,1
2010-06-15 23:03:33,1
2010-06-23 12:21:02,1
2010-06-16 01:23:42,1
2010-06-13 07:22:48,1
2010-06-28 15:17:03,1
2010-06-25 09:11:15,1
2010-06-07 08:54:51,1
2010-06-14 05:57:15,1
2010-06-19 01:26:41,1
2010-06-05 08:26:00,1
2010-06-24 13:04:33,1
2010-06-14 13:16:31,1
2010-06-28 04:05:40,1
2010-06-18 15:04:53,1
2010-06-18 02:06:43,1
2010-06-28 04:27:04,1
2010-06-02 16:37:48,1
2010-06-01 06:33:04,1
2010-06-26 15:57:19,1
2010-06-21 10:26:53,1
2010-06-22 23:46:26,1
2010-06-10 05:16:54,1
2010-06-08 08:06:53,1
2010-06-17 10:19:22,1
2010-06-06 06:36:37,1
2010-06-27 05:52:51,1
2010-06-07 02:52:10,1
2010-06-14 03:18:26,1
2010-06-25 21:50:21,1
2010-06-22 13:52:00,1
2010-06-26 02:27:58,1
2010-06-25 06:21:25,1
2010-06-28 15:44:21,1
2010-06-19 16:16:48,1
2010-06-14 23:31:26,1
2010-06-08 10:41:15,1
2010-06-08 01:45:28,1
2010-06-08 06:09:08,1
2010-06-28 00:19:17,1
2010-06-24 09:10:47,1
2010-06-20 02:15:08,1
2010-06-24 00:59:31,1
2010-06-25 13:41:35,1
2010-06-10 22:31:57,1
2010-06-30 01:53:59,1
2010-06-15 05:10:48,1
2010-06-27 04:49:28,1
2010-06-25 11:56:02,1
2010-06-21 01:23:00,1
2010-06-03 08:23:06,1
2010-06-16 12:45:01,1
2010-06-10 18:00:43,1
2010-06-07 14:03:15,1
2010-06-22 22:23:15,1
2010-06-26 05:41:28,1
2010-06-26 20:41:33,1
2010-06-04 08:43:50,1
2010-06-28 13:15:50,1
2010-06-16 11:56:09,1
2010-06-21 23:11:19,1
2010-06-07 07:26:00,1
2010-06-11 22:36:39,1
2010-06-12 23:32:32,1
2010-06-17 07:37:22,1
2010-06-11 12:07:33,1
2010-06-01 13:36:34,1
2010-06-02 16:02:35,1
2010-06-09 08:54:56,1
2010-06-22 03:16:37,1
2010-06-18 20:23:03,1
2010-06-11 00:58:55,1
2010-06-11 02:55:33,1
2010-06-22 10:30:56,1
2010-06-14 05:00:10,1
2010-06-09 09:03:11,1
2010-06-21 19:09:15,1
2010-06-22 03:37:44,1
2010-06-02 06:00:36,1
2010-06-29 03:44:21,1
2010-06-09 23:20:30,1
2010-06-12 08:35:51,1
2010-06-05 03:18:09,1
2010-06-24 02:43:47,1
2010-06-20 03:22:01,1
2010-06-22 15:13:11,1
2010-06-22 14:55:47,1
2010-06-03 03:02:40,1
2010-06-16 05:47:38,1
2010-06-24 17:36:19,1
2010-06-15 14:48:12,1
2010-06-25 02:16:17,1
2010-06-27 11:07:46,1
2010-06-24 03:51:07,1
2010-06-18 08:08:38,1
2010-06-13 04:37:47,1
2010-06-08 06:11:10,1
2010-06-02 07:37:21,1
2010-06-02 15:56:33,1
2010-06-01 21:15:48,1
2010-06-18 17:30:52,1
2010-06-02 08:52:38,1
2010-06-03 16:01:58,1
2010-06-06 14:26:41,1
2010-06-28 12:43:44,1
2010-06-05 16:26:46,1
2010-06-05 17:01:24,1
2010-06-01 02:06:46,1
2010-06-12 10:54:20,1
2010-06-25 03:17:29,1
2010-06-24 13:49:22,1
2010-06-13 12:47:11,1
2010-06-27 11:30:59,1
2010-06-10 05:57:06,1
2010-06-05 11:36:37,1
2010-06-04 03:09:34,1
2010-06-05 07:08:55,1
2010-06-15 11:36:57,1
2010-06-08 10:18:09,1
2010-06-25 02:00:47,1
2010-06-17 07:59:59,1
2010-06-30 01:41:18,1
2010-06-07 13:12:58,1
2010-06-12 11:10:35,1
2010-06-16 00:01:18,1
2010-06-17 05:09:47,1
2010-06-26 02:54:37,1
2010-06-01 14:45:03,1
2010-06-04 06:38:03,1
2010-06-05 15:15:19,1
2010-06-29 08:47:18,1
2010-06-26 21:12:57,1
2010-06-08 00:16:49,1
2010-06-29 22:36:14,1
2010-06-06 11:52:47,1
2010-06-13 06:05:22,1
2010-06-07 03:16:01,1
2010-06-03 14:31:23,1
2010-06-20 13:48:56,1
2010-06-04 12:32:32,1
2010-06-09 08:19:38,1
2010-06-09 05:50:48,1
2010-06-14 06:31:48,1
2010-06-03 02:46:48,1
2010-06-29 17:39:39,1
2010-06-05 03:08:51,1
2010-06-22 07:52:41,1
2010-06-30 14:37:50,1
2010-06-12 13:01:36,1
2010-06-22 02:27:42,1
2010-06-26 16:02:48,1
2010-06-10 05:13:22,1
2010-06-12 08:10:14,1
2010-06-14 01:51:40,1
2010-06-21 18:11:35,1
2010-06-22 06:17:56,1
2010-06-09 13:00:57,1
2010-06-04 08:36:33,1
2010-06-29 03:45:14,1
2010-06-25 16:14:06,1
2010-06-10 12:05:57,1
2010-06-16 01:28:46,1
2010-06-21 23:07:17,1
2010-06-04 15:25:08,1
2010-06-06 11:43:53,1
2010-06-23 11:01:19,1
2010-06-01 01:54:28,1
2010-06-10 12:34:46,1
2010-06-21 02:47:22,1
2010-06-15 02:31:50,1
2010-06-29 02:39:49,1
2010-06-04 09:48:23,1
2010-06-20 20:26:09,1
2010-06-27 21:14:35,1
2010-06-18 10:36:42,1
2010-06-01 14:15:52,1
2010-06-01 05:49:11,1
2010-06-29 16:06:20,1
2010-06-18 18:59:31,1
2010-06-01 16:47:01,1
2010-06-16 05:25:35,1
2010-06-22 12:27:00,1
2010-06-02 10:07:20,1
2010-06-27 22:44:11,1
2010-06-28 02:44:14,1
2010-06-09 13:53:27,1
2010-06-11 13:09:33,1
2010-06-10 07:55:50,1
2010-06-05 09:39:06,1
2010-06-13 04:18:14,1
2010-06-21 12:57:29,1
2010-06-25 04:02:16,1
2010-06-05 11:23:38,1
2010-06-19 09:20:24,1
2010-06-21 05:51:40,1
2010-06-12 20:50:53,1
2010-06-04 07:52:37,1
2010-06-16 02:55:08,1
2010-06-25 07:39:17,1
2010-06-01 19:27:58,1
2010-06-21 13:01:19,1
2010-06-13 17:32:03,1
2010-06-05 06:54:03,1
2010-06-23 03:09:07,1
2010-06-05 14:34:12,1
2010-06-22 18:45:31,1
2010-06-15 07:32:37,1
2010-06-30 06:20:22,1
2010-06-08 10:14:02,1
2010-06-20 08:48:10,1
2010-06-27 09:38:50,1
2010-06-13 23:12:28,1
2010-06-16 22:46:50,1
2010-06-02 06:02:43,1
2010-06-08 04:56:13,1
2010-06-24 06:25:32,1
2010-06-10 05:41:34,1
2010-06-03 10:04:27,1
2010-06-26 19:58:16,1
2010-06-16 00:45:01,1
2010-06-09 22:12:58,1
2010-06-10 16:08:46,1
2010-06-25 02:20:06,1
2010-06-15 20:39:29,1
2010-06-24 14:56:01,1
2010-06-29 00:28:27,1
2010-06-11 01:41:57,1
2010-06-07 18:01:40,1
2010-06-19 02:23:26,1
2010-06-01 21:02:51,1
2010-06-20 13:26:55,1
2010-06-03 00:43:58,1
2010-06-05 11:00:44,1
2010-06-19 07:29:36,1
2010-06-11 02:36:02,1
2010-06-09 19:02:16,1
2010-06-30 12:19:44,1
2010-06-20 02:48:16,1
2010-06-23 07:23:11,1
2010-06-30 10:10:39,1
2010-06-02 00:12:54,1
2010-06-12 10:05:55,1
2010-06-21 22:56:52,1
2010-06-14 06:03:10,1
2010-06-18 12:37:06,1
2010-06-10 19:08:02,1
2010-06-13 22:44:07,1
2010-06-13 00:38:09,1
2010-06-08 18:01:26,1
2010-06-09 20:10:02,1
2010-06-24 17:45:49,1
2010-06-19 19:02:24,1
2010-06-10 19:06:41,1
2010-06-17 02:54:00,1
2010-06-15 08:34:39,1
2010-06-24 05:14:03,1
2010-06-09 12:58:02,1
2010-06-11 07:49:13,1
2010-06-07 16:50:04,1
2010-06-08 02:54:24,1
2010-06-16 18:44:44,1
2010-06-06 09:37:14,1
2010-06-22 00:40:27,1
2010-06-05 13:47:31,1
2010-06-22 22:16:08,1
2010-06-27 18:45:32,1
2010-06-25 03:42:57,1
2010-06-06 10:01:23,1
2010-06-07 05:01:53,1
2010-06-08 07:43:30,1
2010-06-06 07:32:27,1
2010-06-17 20:51:36,1
2010-06-05 02:29:22,1
2010-06-24 14:43:15,1
2010-06-14 19:56:21,1
2010-06-14 11:49:22,1
2010-06-13 08:41:01,1
2010-06-16 11:27:33,1
2010-06-12 04:49:02,1
2010-06-06 12:09:59,1
2010-06-11 00:25:02,1
2010-06-01 21:58:52,1
2010-06-07 15:44:45,1
2010-06-23 05:07:06,1
2010-06-17 21:21:28,1
2010-06-14 03:47:54,1
2010-06-09 01:12:34,1
2010-06-08 15:02:24,1
2010-06-17 06:33:17,1
2010-06-03 03:15:54,1
2010-06-13 05:09:29,1
2010-06-20 08:27:57,1
2010-06-06 09:03:28,1
2010-06-22 17:29:01,1
2010-06-02 13:14:18,1
2010-06-16 16:46:50,1
2010-06-12 09:01:45,1
2010-06-14 04:39:49,1
2010-06-19 09:53:51,1
2010-06-05 13:52:33,1
2010-06-03 20:06:06,1
2010-06-19 15:14:04,1
2010-06-10 18:45:19,1
2010-06-09 23:42:03,1
2010-06-20 03:33:14,1
2010-06-27 15:14:24,1
2010-06-27 09:33:06,1
2010-06-19 16:06:28,1
2010-06-26 00:25:57,1
2010-06-17 04:12:32,1
2010-06-10 20:49:11,1
2010-06-18 09:14:41,1
2010-06-17 17:49:52,1
2010-06-04 15:16:02,1
2010-06-13 22:34:02,1
2010-06-03 09:02:38,1
2010-06-17 00:38:45,1
2010-06-06 09:49:32,1
2010-06-13 22:08:44,1
2010-06-16 13:22:57,1
2010-06-29 01:49:26,1
2010-06-07 04:04:15,1
2010-06-02 18:57:01,1
2010-06-09 16:50:57,1
2010-06-04 12:35:23,1
2010-06-24 16:02:02,1
2010-06-15 00:37:51,1
2010-06-23 11:31:48,1
2010-06-30 02:07:59,1
2010-06-24 03:45:10,1
2010-06-10 03:36:02,1
2010-06-07 11:03:09,1
2010-06-23 04:13:16,1
2010-06-17 14:37:18,1
2010-06-07 12:10:45,1
2010-06-28 04:32:54,1
2010-06-15 13:59:14,1
2010-06-14 08:17:40,1
2010-06-12 07:45:22,1
2010-06-27 13:33:51,1
2010-06-27 12:40:08,1
2010-06-01 17:08:22,1
2010-06-21 07:42:04,1
2010-06-03 11:04:14,1
2010-06-08 14:59:54,1
2010-06-14 11:03:12,1
2010-06-01 06:09:02,1
2010-06-10 23:35:06,1
2010-06-27 01:41:46,1
2010-06-06 22:43:07,1
2010-06-01 08:04:23,1
2010-06-02 04:40:25,1
2010-06-03 07:40:23,1
2010-06-18 14:30:24,1
2010-06-14 21:30:04,1
2010-06-01 15:13:03,1
2010-06-08 01:48:36,1
2010-06-27 16:05:26,1
2010-06-12 03:21:05,1
2010-06-20 14:14:16,1
2010-06-25 18:50:08,1
2010-06-23 04:11:33,1
2010-06-23 22:36:39,1
2010-06-24 15:50:18,1
2010-06-10 10:10:22,1
2010-06-09 12:16:19,1
2010-06-26 14:16:47,1
2010-06-22 23:30:01,1
2010-06-18 06:51:11,1
2010-06-15 10:38:35,1
2010-06-03 07:02:23,1
2010-06-23 13:12:31,1
2010-06-04 16:57:26,1
2010-06-04 08:57:27,1
2010-06-11 10:07:56,1
2010-06-25 07:17:39,1
2010-06-21 03:08:59,1
2010-06-20 14:34:45,1
2010-06-20 18:30:02,1
2010-06-25 08:41:40,1
2010-06-05 04:42:01,1
2010-06-08 01:45:43,1
2010-06-26 09:10:55,1
2010-06-17 09:04:14,1
2010-06-11 23:17:57,1
2010-06-06 04:03:57,1
2010-06-01 05:34:49,1
2010-06-19 20:51:05,1
2010-06-07 03:42:41,1
2010-06-10 03:02:52,1
2010-06-04 14:05:40,1
2010-06-16 15:59:31,1
2010-06-03 08:30:08,1
2010-06-01 14:46:28,1
2010-06-27 21:00:29,1
2010-06-04 13:44:12,1
2010-06-18 09:11:53,1
2010-06-23 03:37:04,1
2010-06-05 14:12:25,1
2010-06-23 01:56:34,1
2010-06-16 15:16:55,1
2010-06-20 14:37:46,1
2010-06-01 17:10:41,1
2010-06-23 13:28:38,1
2010-06-07 08:13:10,1
2010-06-10 14:02:23,1
2010-06-03 03:46:40,1
2010-06-02 18:52:14,1
2010-06-15 15:52:02,1
2010-06-20 09:47:20,1
2010-06-16 05:20:43,1
2010-06-26 20:36:02,1
2010-06-20 05:25:46,1
2010-06-09 06:03:54,1
2010-06-06 06:47:37,1
2010-06-16 03:26:00,1
2010-06-05 13:09:48,1
2010-06-13 03:21:13,1
2010-06-29 09:36:59,1
2010-06-08 20:16:11,1
2010-06-04 19:29:24,1
2010-06-03 12:10:20,1
2010-06-24 15:34:23,1
2010-06-25 08:32:26,1
2010-06-09 06:44:34,1
2010-06-20 02:02:05,1
2010-06-08 11:44:01,1
2010-06-17 00:34:09,1
2010-06-25 14:44:45,1
2010-06-20 15:30:03,1
2010-06-01 15:00:04,1
2010-06-15 08:58:56,1
2010-06-11 14:56:14,1
2010-06-21 07:44:41,1
2010-06-05 14:21:11,1
2010-06-13 04:35:07,1
2010-06-08 04:38:56,1
2010-06-16 01:24:44,1
2010-06-11 13:35:23,1
2010-06-04 04:06:03,1
2010-06-30 01:08:13,1
2010-06-16 02:23:15,1
2010-06-26 23:18:31,1
2010-06-04 12:59:53,1
2010-06-04 18:15:30,1
2010-06-15 15:31:03,1
2010-06-01 07:39:50,1
2010-06-23 17:39:40,1
2010-06-13 11:30:32,1
2010-06-24 16:35:56,1
2010-06-06 10:22:19,1
2010-06-27 02:02:56,1
2010-06-17 04:35:58,1
2010-06-01 05:04:32,1
2010-06-04 23:42:09,1
2010-06-06 02:07:08,1
2010-06-13 12:04:57,1
2010-06-30 06:08:21,1
2010-06-07 23:59:14,1
2010-06-07 06:30:02,1
2010-06-20 00:40:35,1
2010-06-01 14:14:28,1
2010-06-22 05:58:15,1
2010-06-02 00:21:31,1
2010-06-06 13:11:31,1
2010-06-15 07:07:35,1
2010-06-17 01:30:43,1
2010-06-20 05:24:54,1
2010-06-14 06:33:53,1
2010-06-18 05:54:14,1
2010-06-09 00:18:29,1
2010-06-21 15:43:57,1
2010-06-14 01:16:05,1
2010-06-23 02:34:25,1
2010-06-20 07:23:52,1
2010-06-14 08:05:14,1
2010-06-27 00:43:24,1
2010-06-12 08:02:27,1
2010-06-12 13:34:35,1
2010-06-10 09:02:34,1
2010-06-05 10:28:25,1
2010-06-12 09:53:30,1
2010-06-16 22:21:07,1
2010-06-03 15:07:42,1
2010-06-12 13:57:12,1
2010-06-24 14:59:07,1
2010-06-01 07:18:51,1
2010-06-20 17:18:38,1
2010-06-06 15:41:59,1
2010-06-25 18:34:03,1
2010-06-23 07:56:34,1
2010-06-16 03:00:50,1
2010-06-20 02:35:28,1
2010-06-25 23:55:10,1
2010-06-22 23:28:45,1
2010-06-21 11:12:34,1
2010-06-22 17:41:10,1
2010-06-14 18:19:28,1
2010-06-30 10:28:47,1
2010-06-20 15:07:05,1
2010-06-30 16:56:26,1
2010-06-06 14:21:31,1
2010-06-14 18:30:22,1
2010-06-29 13:38:11,1
2010-06-02 15:34:11,1
2010-06-09 16:59:15,1
2010-06-29 04:35:24,1
2010-06-02 06:32:31,1
2010-06-13 20:19:52,1
2010-06-08 00:26:56,1
2010-06-19 23:14:46,1
2010-06-05 09:04:05,1
2010-06-01 16:47:31,1
2010-06-14 08:06:15,1
2010-06-23 17:58:16,1
2010-06-08 17:01:48,1
2010-06-17 08:46:23,1
2010-06-30 08:32:45,1
2010-06-22 03:21:25,1
2010-06-13 19:49:26,1
2010-06-09 04:12:52,1
2010-06-12 21:06:08,1
2010-06-18 17:17:09,1
2010-06-09 12:07:08,1
2010-06-22 17:31:45,1
2010-06-20 08:14:06,1
2010-06-21 03:51:37,1
2010-06-27 10:01:24,1
2010-06-06 14:41:50,1
2010-06-01 20:49:02,1
2010-06-27 01:52:41,1
2010-06-27 17:12:21,1
2010-06-26 02:41:34,1
2010-06-02 18:48:55,1
2010-06-01 09:15:06,1
2010-06-03 22:59:33,1
2010-06-26 06:07:33,1
2010-06-09 18:04:58,1
2010-06-19 08:42:09,1
2010-06-01 19:42:51,1
2010-06-01 02:34:29,1
2010-06-04 12:10:06,1
2010-06-01 13:08:46,1
2010-06-23 02:25:33,1
2010-06-06 03:47:03,1
2010-06-18 23:59:49,1
2010-06-05 05:53:40,1
2010-06-20 06:17:58,1
2010-06-06 07:07:13,1
2010-06-30 12:04:51,1
2010-06-24 05:44:48,1
2010-06-19 22:38:01,1
2010-06-23 16:36:00,1
2010-06-30 21:06:21,1
2010-06-15 15:28:58,1
2010-06-27 22:11:09,1
2010-06-02 13:54:49,1
2010-06-14 05:01:35,1
2010-06-08 05:48:57,1
2010-06-26 16:36:17,1
2010-06-01 17:23:17,1
2010-06-03 05:32:51,1
2010-06-30 00:17:22,1
2010-06-30 02:38:46,1
2010-06-02 16:22:03,1
2010-06-08 22:51:35,1
2010-06-10 06:27:53,1
2010-06-26 12:10:24,1
2010-06-12 08:25:27,1
2010-06-08 11:16:55,1
2010-06-02 15:47:30,1
2010-06-03 13:44:35,1
2010-06-11 16:54:40,1
2010-06-27 08:17:20,1
2010-06-01 02:41:57,1
2010-06-13 21:08:52,1
2010-06-25 05:31:56,1
2010-06-09 02:33:12,1
2010-06-23 09:27:52,1
2010-06-21 14:06:13,1
2010-06-02 01:38:37,1
2010-06-02 12:36:18,1
2010-06-10 18:09:06,1
2010-06-22 04:46:39,1
2010-06-17 04:49:38,1
2010-06-10 11:43:29,1
2010-06-20 13:50:58,1
2010-06-20 03:46:45,1
2010-06-20 02:57:56,1
2010-06-22 11:14:28,1
2010-06-01 07:24:33,1
2010-06-22 23:58:41,1
2010-06-17 18:56:07,1
2010-06-16 13:04:39,1
2010-06-05 05:39:14,1
2010-06-14 05:01:34,1
2010-06-18 19:24:12,1
2010-06-02 05:37:09,1
2010-06-13 04:47:20,1
2010-06-02 05:43:47,1
2010-06-26 08:47:49,1
2010-06-10 15:22:32,1
2010-06-12 02:36:39,1
2010-06-20 23:06:03,1
2010-06-06 01:51:07,1
2010-06-01 15:48:34,1
2010-06-25 15:43:40,1
2010-06-11 08:41:55,1
2010-06-20 05:26:24,1
2010-06-10 15:12:59,1
2010-06-20 15:33:25,1
2010-06-08 08:04:42,1
2010-06-12 08:00:39,1
2010-06-17 06:53:55,1
2010-06-06 10:12:59,1
2010-06-29 22:16:21,1
2010-06-28 12:24:03,1
2010-06-27 00:29:19,1
2010-06-04 11:15:54,1
2010-06-22 11:25:53,1
2010-06-20 21:06:21,1
2010-06-20 07:47:51,1
2010-06-11 08:23:23,1
2010-06-02 22:26:24,1
2010-06-03 12:38:31,1
2010-06-03 08:43:55,1
2010-06-07 14:17:03,1
2010-06-25 18:34:32,1
2010-06-20 21:00:53,1
2010-06-29 05:10:19,1
2010-06-05 13:14:35,1
2010-06-05 23:27:43,1
2010-06-07 12:14:07,1
2010-06-12 02:50:54,1
2010-06-25 03:55:23,1
2010-06-12 14:00:13,1
2010-06-04 12:05:35,1
2010-06-28 12:21:15,1
2010-06-03 13:16:27,1
2010-06-16 04:17:09,1
2010-06-23 09:20:40,1
2010-06-09 13:44:43,1
2010-06-29 06:31:10,1
2010-06-24 09:53:15,1
2010-06-25 01:22:29,1
2010-06-13 18:09:28,1
2010-06-22 07:44:08,1
2010-06-02 03:31:31,1
2010-06-22 19:07:24,1
2010-06-12 05:23:15,1
2010-06-17 02:40:04,1
2010-06-08 07:28:28,1
2010-06-21 08:09:02,1
2010-06-22 04:26:51,1
2010-06-06 01:29:02,1
2010-06-08 10:13:54,1
2010-06-13 01:00:51,1
2010-06-01 14:42:58,1
2010-06-30 22:35:27,1
2010-06-01 22:02:04,1
2010-06-10 01:46:59,1
2010-06-24 12:15:01,1
2010-06-18 23:13:51,1
2010-06-27 11:23:40,1
2010-06-16 03:32:26,1
2010-06-01 01:41:28,1
2010-06-20 11:17:23,1
2010-06-13 14:58:56,1
2010-06-09 17:22:20,1
2010-06-28 10:44:41,1
2010-06-10 16:15:00,1
2010-06-06 08:05:18,1
2010-06-13 08:54:47,1
2010-06-10 12:24:46,1
2010-06-28 01:32:03,1
2010-06-04 12:33:24,1
2010-06-22 20:04:56,1
2010-06-10 02:40:33,1
2010-06-08 00:34:46,1
2010-06-12 13:13:42,1
2010-06-25 12:11:45,1
2010-06-17 10:21:12,1
2010-06-23 05:03:03,1
2010-06-29 15:31:08,1
2010-06-26 11:42:18,1
2010-06-17 10:42:13,1
2010-06-20 06:57:26,1
2010-06-28 18:42:53,1
2010-06-21 19:23:52,1
2010-06-18 15:18:44,1
2010-06-14 04:15:32,1
2010-06-27 10:58:19,1
2010-06-19 02:34:34,1
2010-06-07 17:56:43,1
2010-06-04 01:44:47,1
2010-06-23 05:23:21,1
2010-06-01 18:03:56,1
2010-06-18 15:42:12,1
2010-06-07 02:46:02,1
2010-06-06 14:52:45,1
2010-06-19 06:52:57,1
2010-06-22 00:26:00,1
2010-06-26 09:47:53,1
2010-06-01 14:06:08,1
2010-06-12 02:27:09,1
2010-06-11 22:30:07,1
2010-06-28 19:28:31,1
2010-06-06 06:01:35,1
2010-06-24 19:15:17,1
2010-06-30 22:51:41,1
2010-06-15 07:40:44,1
2010-06-13 22:13:51,1
2010-06-12 21:41:05,1
2010-06-05 14:45:01,1
2010-06-19 10:12:31,1
2010-06-01 09:24:11,1
2010-06-03 14:32:00,1
2010-06-17 16:26:43,1
2010-06-06 10:55:33,1
2010-06-30 19:37:40,1
2010-06-17 20:15:55,1
2010-06-13 17:00:50,1
2010-06-05 15:33:41,1
2010-06-21 18:37:53,1
2010-06-04 09:21:55,1
2010-06-05 16:55:54,1
2010-06-02 17:14:08,1
2010-06-21 06:15:33,1
2010-06-14 02:04:21,1
2010-06-23 18:28:58,1
2010-06-14 08:56:47,1
2010-06-12 12:26:52,1
2010-06-03 00:00:11,1
2010-06-08 15:45:39,1
2010-06-15 13:40:12,1
2010-06-03 06:39:58,1
2010-06-19 23:11:27,1
2010-06-21 11:52:37,1
2010-06-07 05:30:02,1
2010-06-23 05:21:58,1
2010-06-24 02:08:37,1
2010-06-07 08:46:41,1
2010-06-19 04:42:00,1
2010-06-25 03:46:08,1
2010-06-04 17:38:41,1
2010-06-19 21:44:08,1
2010-06-26 16:38:12,1
2010-06-13 13:15:17,1
2010-06-16 10:57:11,1
2010-06-23 23:30:13,1
2010-06-20 15:20:48,1
2010-06-04 14:49:59,1
2010-06-05 08:26:41,1
2010-06-25 14:25:28,1
2010-06-26 21:44:50,1
2010-06-16 12:34:32,1
2010-06-27 05:30:34,1
2010-06-03 05:10:25,1
2010-06-19 18:39:41,1
2010-06-04 08:21:54,1
2010-06-11 14:34:59,1
2010-06-28 03:26:23,1
2010-06-02 04:45:44,1
2010-06-09 07:57:08,1
2010-06-09 04:51:53,1
2010-06-24 03:09:17,1
2010-06-19 02:01:33,1
2010-06-24 14:30:29,1
2010-06-18 16:48:26,1
2010-06-21 06:39:38,1
2010-06-21 18:57:20,1
2010-06-16 08:55:57,1
2010-06-29 06:21:26,1
2010-06-16 15:11:59,1
2010-06-24 04:21:33,1
2010-06-06 15:27:35,1
2010-06-05 02:57:24,1
2010-06-22 16:23:45,1
2010-06-20 02:52:31,1
2010-06-12 08:57:19,1
2010-06-07 02:14:59,1
2010-06-22 01:42:02,1
2010-06-06 14:49:47,1
2010-06-02 12:34:25,1
2010-06-18 08:31:03,1
2010-06-11 12:45:34,1
2010-06-14 22:18:04,1
2010-06-08 17:56:44,1
2010-06-16 06:53:25,1
2010-06-22 01:38:33,1
2010-06-16 05:09:37,1
2010-06-19 01:19:40,1
2010-06-24 17:06:17,1
2010-06-15 00:24:54,1
2010-06-14 19:42:14,1
2010-06-13 11:22:39,1
2010-06-26 01:12:19,1
2010-06-14 18:21:35,1
2010-06-24 07:26:16,1
2010-06-26 08:26:31,1
2010-06-14 05:38:12,1
2010-06-12 11:37:36,1
2010-06-08 06:29:09,1
2010-06-05 06:51:06,1
2010-06-28 20:15:13,1
2010-06-01 15:24:12,1
2010-06-01 17:43:14,1
2010-06-03 15:27:05,1
2010-06-04 13:36:16,1
2010-06-03 13:20:40,1
2010-06-03 14:58:37,1
2010-06-23 14:46:08,1
2010-06-15 14:04:58,1
2010-06-17 14:16:20,1
2010-06-22 03:00:59,1
2010-06-28 00:57:57,1
2010-06-21 11:43:24,1
2010-06-26 08:19:50,1
2010-06-19 19:20:38,1
2010-06-21 20:23:21,1
2010-06-23 01:23:00,1
2010-06-05 16:30:03,1
2010-06-23 18:51:30,1
2010-06-12 10:18:18,1
2010-06-20 06:39:14,1
2010-06-03 01:09:46,1
2010-06-29 05:03:18,1
2010-06-14 09:41:37,1
2010-06-26 15:56:36,1
2010-06-04 06:41:26,1
2010-06-10 04:08:48,1
2010-06-17 07:13:38,1
2010-06-27 10:32:09,1
2010-06-18 12:59:55,1
2010-06-06 10:26:29,1
2010-06-23 03:18:53,1
2010-06-19 19:49:28,1
2010-06-21 01:27:18,1
2010-06-08 21:23:04,1
2010-06-14 10:30:51,1
2010-06-02 13:07:43,1
2010-06-25 07:28:29,1
2010-06-05 15:56:54,1
2010-06-05 01:05:58,1
2010-06-08 17:52:39,1
2010-06-14 18:10:19,1
2010-06-20 11:29:20,1
2010-06-26 13:22:35,1
2010-06-02 18:09:24,1
2010-06-16 05:53:07,1
2010-06-13 05:34:35,1
2010-06-19 19:40:42,1
2010-06-01 00:13:24,1
2010-06-14 04:15:02,1
2010-06-07 03:28:23,1
2010-06-06 15:57:55,1
2010-06-06 10:38:10,1
2010-06-17 20:01:54,1
2010-06-14 07:14:30,1
2010-06-23 17:30:49,1
2010-06-07 11:57:34,1
2010-06-08 06:18:02,1
2010-06-03 22:44:38,1
2010-06-23 00:14:51,1
2010-06-06 18:04:28,1
2010-06-20 14:17:58,1
2010-06-23 12:57:57,1
2010-06-06 09:36:04,1
2010-06-20 09:28:25,1
2010-06-07 02:26:26,1
2010-06-13 11:49:27,1
2010-06-15 15:16:19,1
2010-06-16 16:52:41,1
2010-06-10 06:19:56,1
2010-06-06 11:17:18,1
2010-06-04 08:04:02,1
2010-06-24 09:00:48,1
2010-06-19 06:58:32,1
2010-06-07 19:20:35,1
2010-06-14 02:12:08,1
2010-06-13 07:18:21,1
2010-06-05 01:48:40,1
2010-06-25 04:11:05,1
2010-06-23 14:26:19,1
2010-06-03 12:44:02,1
2010-06-28 18:04:40,1
2010-06-27 06:21:58,1
2010-06-08 05:21:37,1
2010-06-17 05:41:35,1
2010-06-24 16:04:14,1
2010-06-17 03:24:17,1
2010-06-16 11:29:55,1
2010-06-27 15:33:29,1
2010-06-19 04:49:54,1
2010-06-10 00:13:06,1
2010-06-21 07:36:53,1
2010-06-25 01:48:06,1
2010-06-22 04:50:35,1
2010-06-09 03:08:05,1
2010-06-01 20:38:53,1
2010-06-09 12:37:23,1
2010-06-03 23:16:24,1
2010-06-25 11:09:56,1
2010-06-05 11:52:11,1
2010-06-09 05:30:33,1
2010-06-19 17:15:56,1
2010-06-27 03:53:48,1
2010-06-30 11:12:30,1
2010-06-12 23:40:26,1
2010-06-25 21:09:29,1
2010-06-25 17:05:16,1
2010-06-23 21:20:35,1
2010-06-06 12:33:42,1
2010-06-29 08:16:16,1
2010-06-21 21:04:32,1
2010-06-18 07:32:39,1
2010-06-07 07:18:11,1
2010-06-08 09:53:04,1
2010-06-08 12:27:43,1
2010-06-16 07:29:30,1
2010-06-29 19:42:28,1
2010-06-17 21:42:40,1
2010-06-27 08:51:53,1
2010-06-09 12:51:09,1
2010-06-29 15:05:11,1
2010-06-22 11:12:23,1
2010-06-08 02:48:38,1
2010-06-21 04:20:17,1
2010-06-12 02:46:50,1
2010-06-11 12:38:52,1
2010-06-06 08:58:57,1
2010-06-21 00:43:51,1
2010-06-18 07:32:07,1
2010-06-18 07:30:16,1
2010-06-25 10:19:19,1
2010-06-27 16:46:58,1
2010-06-11 03:29:23,1
2010-06-10 17:54:11,1
2010-06-02 11:09:12,1
2010-06-20 02:59:07,1
2010-06-12 18:41:36,1
2010-06-29 12:41:33,1
2010-06-27 03:16:13,1
2010-06-05 11:59:44,1
2010-06-10 09:27:22,1
2010-06-05 12:55:30,1
2010-06-15 07:29:47,1
2010-06-03 03:04:52,1
2010-06-07 22:26:32,1
2010-06-19 06:23:25,1
2010-06-06 04:52:13,1
2010-06-08 15:19:39,1
2010-06-03 09:43:03,1
2010-06-29 14:50:39,1
2010-06-17 04:48:07,1
2010-06-11 23:45:35,1
2010-06-24 01:53:35,1
2010-06-07 05:02:15,1
2010-06-30 22:01:53,1
2010-06-27 06:45:23,1
2010-06-08 04:01:03,1
2010-06-22 23:39:45,1
2010-06-02 03:01:17,1
2010-06-16 01:48:25,1
2010-06-09 05:55:55,1
2010-06-14 14:39:05,1
2010-06-12 07:43:53,1
2010-06-22 03:13:04,1
2010-06-27 06:25:15,1
2010-06-13 08:15:34,1
2010-06-27 09:11:15,1
2010-06-08 02:03:38,1
2010-06-29 10:57:03,1
2010-06-17 01:14:39,1
2010-06-24 03:07:10,1
2010-06-15 14:02:55,1
2010-06-01 10:55:20,1
2010-06-03 09:59:33,1
2010-06-29 15:10:38,1
2010-06-04 16:29:41,1
2010-06-01 09:58:19,1
2010-06-08 07:50:15,1
2010-06-07 22:47:32,1
2010-06-07 08:58:16,1
2010-06-25 04:20:41,1
2010-06-11 12:52:32,1
2010-06-11 21:03:48,1
2010-06-17 08:25:40,1
2010-06-02 17:25:57,1
2010-06-06 15:34:16,1
2010-06-10 14:16:44,1
2010-06-28 01:49:48,1
2010-06-30 10:07:29,1
2010-06-04 17:52:12,1
2010-06-05 10:27:18,1
2010-06-04 07:03:39,1
2010-06-04 09:31:55,1
2010-06-03 04:45:44,1
2010-06-26 16:33:37,1
2010-06-03 23:21:05,1
2010-06-24 15:59:03,1
2010-06-19 18:12:14,1
2010-06-14 12:39:10,1
2010-06-14 09:45:49,1
2010-06-04 16:51:02,1
2010-06-13 16:39:32,1
2010-06-03 15:46:50,1
2010-06-24 02:46:42,1
2010-06-09 02:29:58,1
2010-06-04 07:46:52,1
2010-06-28 09:25:08,1
2010-06-24 17:02:35,1
2010-06-25 05:37:16,1
2010-06-09 02:56:41,1
2010-06-09 10:06:10,1
2010-06-15 00:15:48,1
2010-06-29 08:36:57,1
2010-06-27 08:47:08,1
2010-06-24 15:30:56,1
2010-06-21 03:59:16,1
2010-06-11 14:20:01,1
2010-06-29 11:47:42,1
2010-06-03 05:39:02,1
2010-06-20 07:25:14,1
2010-06-11 01:07:09,1
2010-06-05 12:53:47,1
2010-06-09 15:34:27,1
2010-06-15 01:54:07,1
2010-06-23 07:45:13,1
2010-06-06 22:35:59,1
2010-06-18 12:26:07,1
2010-06-05 17:53:48,1
2010-06-07 11:29:55,1
2010-06-22 19:41:29,1
2010-06-03 08:55:16,1
2010-06-05 08:58:21,1
2010-06-03 07:15:48,1
2010-06-02 07:54:08,1
2010-06-05 14:13:34,1
2010-06-10 23:33:02,1
2010-06-16 14:53:17,1
2010-06-09 08:47:06,1
2010-06-22 20:20:37,1
2010-06-30 10:47:03,1
2010-06-02 10:53:23,1
2010-06-03 09:03:50,1
2010-06-09 06:11:33,1
2010-06-05 02:01:08,1
2010-06-19 04:49:42,1
2010-06-20 15:13:35,1
2010-06-01 09:02:54,1
2010-06-24 12:11:23,1
2010-06-16 10:32:53,1
2010-06-09 04:30:08,1
2010-06-07 09:27:43,1
2010-06-13 12:24:47,1
2010-06-30 11:56:07,1
2010-06-08 13:36:43,1
2010-06-04 12:49:40,1
2010-06-07 13:08:36,1
2010-06-20 01:29:13,1
2010-06-09 18:06:41,1
2010-06-05 05:17:34,1
2010-06-01 23:13:46,1
2010-06-27 04:41:06,1
2010-06-05 03:59:12,1
2010-06-17 06:48:09,1
2010-06-23 04:37:37,1
2010-06-14 09:56:03,1
2010-06-30 12:42:31,1
2010-06-01 08:48:17,1
2010-06-01 15:03:34,1
2010-06-15 00:13:32,1
2010-06-21 13:02:07,1
2010-06-03 00:23:13,1
2010-06-08 18:48:56,1
2010-06-16 07:38:14,1
2010-06-27 03:03:47,1
2010-06-23 01:22:38,1
2010-06-30 07:57:47,1
2010-06-04 22:33:24,1
2010-06-02 13:52:15,1
2010-06-26 16:23:20,1
2010-06-01 17:09:08,1
2010-06-06 23:45:39,1
2010-06-16 17:51:39,1
2010-06-27 01:53:11,1
2010-06-24 13:59:25,1
2010-06-08 05:05:18,1
2010-06-07 00:58:55,1
2010-06-03 09:05:46,1
2010-06-15 08:18:46,1
2010-06-16 19:00:45,1
2010-06-25 12:38:36,1
2010-06-29 05:03:17,1
2010-06-04 12:22:32,1
2010-06-24 13:21:29,1
2010-06-08 06:50:54,1
2010-06-06 06:44:06,1
2010-06-09 01:03:36,1
2010-06-04 19:53:24,1
2010-06-05 10:48:57,1
2010-06-24 22:03:01,1
2010-06-11 05:27:29,1
2010-06-15 12:46:52,1
2010-06-12 10:37:52,1
2010-06-21 04:19:35,1
2010-06-09 20:16:00,1
2010-06-30 00:44:33,1
2010-06-10 01:25:05,1
2010-06-11 03:42:32,1
2010-06-25 02:45:53,1
2010-06-10 13:38:38,1
2010-06-27 10:13:48,1
2010-06-12 17:26:07,1
2010-06-04 14:28:20,1
2010-06-10 16:09:58,1
2010-06-01 08:31:28,1
2010-06-01 15:41:21,1
2010-06-19 12:45:39,1
2010-06-10 15:21:15,1
2010-06-07 20:50:51,1
2010-06-29 05:17:43,1
2010-06-09 08:02:21,1
2010-06-13 13:19:34,1
2010-06-22 12:24:50,1
2010-06-24 18:37:27,1
2010-06-30 18:30:07,1
2010-06-08 04:05:30,1
2010-06-30 06:07:54,1
2010-06-30 03:17:17,1
2010-06-26 22:59:05,1
2010-06-21 07:51:31,1
2010-06-30 00:32:01,1
2010-06-05 21:55:23,1
2010-06-28 10:19:39,1
2010-06-06 14:16:47,1
2010-06-16 06:25:29,1
2010-06-23 22:58:44,1
2010-06-02 15:12:56,1
2010-06-06 04:04:02,1
2010-06-18 16:06:05,1
2010-06-03 02:49:23,1
2010-06-26 14:33:28,1
2010-06-13 12:05:17,1
2010-06-19 16:11:17,1
2010-06-15 09:13:28,1
2010-06-30 01:54:18,1
2010-06-21 17:37:55,1
2010-06-23 04:17:19,1
2010-06-04 18:10:57,1
2010-06-04 12:03:48,1
2010-06-12 01:11:36,1
2010-06-14 20:50:29,1
2010-06-29 01:10:23,1
2010-06-24 10:43:06,1
2010-06-07 15:21:05,1
2010-06-10 00:37:21,1
2010-06-25 16:53:15,1
2010-06-19 12:39:44,1
2010-06-02 09:37:33,1
2010-06-13 10:24:40,1
2010-06-07 07:57:59,1
2010-06-06 11:36:04,1
2010-06-13 18:10:23,1
2010-06-17 11:27:52,1
2010-06-04 23:27:29,1
2010-06-01 12:33:58,1
2010-06-18 20:14:42,1
2010-06-17 18:25:10,1
2010-06-02 14:45:33,1
2010-06-09 07:36:14,1
2010-06-07 08:34:48,1
2010-06-04 11:39:43,1
2010-06-10 21:19:22,1
2010-06-30 03:35:30,1
2010-06-29 06:36:09,1
2010-06-04 07:52:12,1
2010-06-19 13:44:26,1
2010-06-12 09:04:56,1
2010-06-02 06:51:54,1
2010-06-25 00:53:56,1
2010-06-29 17:58:12,1
2010-06-12 10:44:33,1
2010-06-30 06:58:54,1
2010-06-16 23:09:48,1
2010-06-20 14:22:14,1
2010-06-05 04:27:05,1
2010-06-12 18:21:16,1
2010-06-13 19:26:37,1
2010-06-12 08:44:13,1
2010-06-13 08:37:32,1
2010-06-17 22:11:16,1
2010-06-10 08:01:22,1
2010-06-11 07:37:10,1
2010-06-12 10:59:33,1
2010-06-15 01:11:12,1
2010-06-24 13:21:32,1
2010-06-02 17:00:13,1
2010-06-15 02:00:57,1
2010-06-24 11:17:42,1
2010-06-13 02:48:24,1
2010-06-07 02:54:39,1
2010-06-02 05:03:00,1
2010-06-04 13:38:35,1
2010-06-10 04:08:51,1
2010-06-12 20:42:43,1
2010-06-17 14:23:36,1
2010-06-03 23:53:40,1
2010-06-16 02:42:37,1
2010-06-14 05:31:44,1
2010-06-02 06:53:13,1
2010-06-28 23:44:09,1
2010-06-15 06:36:55,1
2010-06-11 04:35:22,1
2010-06-06 07:58:04,1
2010-06-02 14:20:32,1
2010-06-11 13:33:19,1
2010-06-16 09:05:10,1
2010-06-08 09:35:31,1
2010-06-05 07:26:59,1
2010-06-13 17:29:56,1
2010-06-27 16:24:26,1
2010-06-12 06:37:50,1
2010-06-07 09:21:06,1
2010-06-25 15:34:02,1
2010-06-19 06:07:16,1
2010-06-24 01:37:20,1
2010-06-25 04:35:22,1
2010-06-17 14:39:02,1
2010-06-01 19:36:49,1
2010-06-26 05:30:28,1
2010-06-29 06:29:22,1
2010-06-22 20:00:23,1
2010-06-26 01:38:07,1
2010-06-12 09:58:56,1
2010-06-12 07:12:24,1
2010-06-22 11:12:35,1
2010-06-19 19:28:00,1
2010-06-22 04:24:55,1
2010-06-20 22:33:12,1
2010-06-05 00:05:36,1
2010-06-13 08:51:39,1
2010-06-18 12:22:08,1
2010-06-27 04:06:33,1
2010-06-27 16:40:41,1
2010-06-21 04:41:56,1
2010-06-07 08:01:48,1
2010-06-05 14:10:10,1
2010-06-28 12:36:30,1
2010-06-16 15:16:18,1
2010-06-14 00:31:44,1
2010-06-29 01:01:55,1
2010-06-09 06:00:54,1
2010-06-02 02:17:37,1
2010-06-24 05:00:15,1
2010-06-06 23:21:18,1
2010-06-22 12:12:19,1
2010-06-13 13:09:27,1
2010-06-10 09:10:41,1
2010-06-04 02:37:22,1
2010-06-28 02:25:32,1
2010-06-18 06:05:46,1
2010-06-06 05:31:02,1
2010-06-29 13:56:13,1
2010-06-23 08:45:29,1
2010-06-20 20:27:01,1
2010-06-10 22:43:49,1
2010-06-01 12:47:26,1
2010-06-08 19:44:59,1
2010-06-27 08:22:18,1
2010-06-27 17:52:39,1
2010-06-08 15:00:51,1
2010-06-06 16:02:51,1
2010-06-10 03:46:57,1
2010-06-08 21:04:16,1
2010-06-26 16:30:02,1
2010-06-09 20:35:22,1
2010-06-29 07:51:02,1
2010-06-21 03:07:32,1
2010-06-13 21:56:41,1
2010-06-11 14:56:34,1
2010-06-25 03:35:18,1
2010-06-20 00:14:44,1
2010-06-24 13:00:13,1
2010-06-21 03:47:32,1
2010-06-03 12:30:01,1
2010-06-26 01:13:14,1
2010-06-24 09:27:10,1
2010-06-15 18:10:00,1
2010-06-18 17:44:12,1
2010-06-23 07:30:17,1
2010-06-04 14:09:06,1
2010-06-03 01:47:13,1
2010-06-24 09:36:18,1
2010-06-09 09:24:16,1
2010-06-12 12:56:58,1
2010-06-30 18:21:21,1
2010-06-07 09:35:42,1
2010-06-26 05:33:47,1
2010-06-26 10:47:21,1
2010-06-07 19:30:53,1
2010-06-01 13:21:53,1
2010-06-16 23:42:05,1
2010-06-01 04:30:41,1
2010-06-21 20:01:38,1
2010-06-27 06:30:09,1
2010-06-07 09:09:07,1
2010-06-30 03:16:38,1
2010-06-13 23:30:45,1
2010-06-13 01:46:20,1
2010-06-06 07:35:08,1
2010-06-15 09:47:30,1
2010-06-12 08:13:52,1
2010-06-22 10:03:52,1
2010-06-14 03:23:35,1
2010-06-19 20:56:38,1
2010-06-06 19:12:38,1
2010-06-18 04:11:18,1
2010-06-19 16:06:13,1
2010-06-20 14:23:37,1
2010-06-04 00:56:27,1
2010-06-20 11:32:17,1
2010-06-11 06:59:46,1
2010-06-23 08:32:12,1
2010-06-27 11:01:57,1
2010-06-07 10:25:45,1
2010-06-04 10:55:23,1
2010-06-19 20:54:37,1
2010-06-11 16:29:35,1
2010-06-13 13:27:20,1
2010-06-02 02:02:17,1
2010-06-29 21:11:50,1
2010-06-03 04:40:50,1
2010-06-13 15:50:36,1
2010-06-20 16:07:57,1
2010-06-10 02:35:45,1
2010-06-26 03:52:21,1
2010-06-06 02:04:11,1
2010-06-24 18:17:37,1
2010-06-05 17:15:30,1
2010-06-08 09:06:41,1
2010-06-15 09:55:37,1
2010-06-15 08:07:39,1
2010-06-04 00:41:23,1
2010-06-07 16:54:48,1
2010-06-18 00:15:27,1
2010-06-15 08:34:21,1
2010-06-01 06:32:03,1
2010-06-22 04:26:33,1
2010-06-12 14:23:35,1
2010-06-08 12:44:38,1
2010-06-29 22:46:07,1
2010-06-23 09:01:12,1
2010-06-02 06:34:47,1
2010-06-09 07:25:50,1
2010-06-05 04:40:28,1
2010-06-05 06:55:34,1
2010-06-15 06:21:16,1
2010-06-23 04:45:47,1
2010-06-20 19:24:37,1
2010-06-13 10:44:42,1
2010-06-19 19:17:33,1
2010-06-02 10:11:52,1
2010-06-04 15:06:51,1
2010-06-13 19:41:33,1
2010-06-22 18:22:11,1
2010-06-03 13:49:48,1
2010-06-02 07:05:21,1
2010-06-04 12:31:01,1
2010-06-30 14:39:22,1
2010-06-17 15:58:17,1
2010-06-11 05:15:05,1
2010-06-15 14:16:46,1
2010-06-20 04:56:39,1
2010-06-22 15:17:56,1
2010-06-17 02:57:49,1
2010-06-20 16:59:15,1
2010-06-01 11:00:18,1
2010-06-25 06:59:52,1
2010-06-16 05:11:26,1
2010-06-24 16:55:52,1
2010-06-03 05:33:34,1
2010-06-28 22:30:12,1
2010-06-05 15:14:37,1
2010-06-21 12:28:18,1
2010-06-21 01:44:21,1
2010-06-05 16:15:23,1
2010-06-14 11:57:27,1
2010-06-28 21:08:44,1
2010-06-21 07:35:19,1
2010-06-10 22:33:17,1
2010-06-07 06:27:03,1
2010-06-27 21:33:15,1
2010-06-15 02:05:40,1
2010-06-16 22:00:02,1
2010-06-30 10:56:22,1
2010-06-27 18:08:31,1
2010-06-23 11:35:04,1
2010-06-24 12:19:45,1
2010-06-21 07:54:28,1
2010-06-06 13:18:13,1
2010-06-22 08:20:53,1
2010-06-08 15:35:03,1
2010-06-30 07:04:23,1
2010-06-22 23:20:42,1
2010-06-05 03:09:04,1
2010-06-16 04:31:15,1
2010-06-01 18:12:19,1
2010-06-24 03:41:22,1
2010-06-24 08:06:42,1
2010-06-30 15:06:06,1
2010-06-01 12:24:13,1
2010-06-29 23:33:59,1
2010-06-21 03:08:20,1
2010-06-30 01:41:49,1
2010-06-05 15:06:37,1
2010-06-14 13:14:19,1
2010-06-16 09:44:09,1
2010-06-07 18:36:37,1
2010-06-02 09:33:36,1
2010-06-14 03:35:17,1
2010-06-15 06:51:06,1
2010-06-27 00:15:15,1
2010-06-29 12:30:06,1
2010-06-02 18:56:33,1
2010-06-15 06:30:12,1
2010-06-23 21:59:29,1
2010-06-21 10:53:49,1
2010-06-24 12:33:02,1
2010-06-23 09:39:55,1
2010-06-07 06:01:41,1
2010-06-06 02:20:58,1
2010-06-26 10:54:02,1
2010-06-25 11:05:41,1
2010-06-24 19:28:47,1
2010-06-19 02:35:20,1
2010-06-22 15:25:16,1
2010-06-24 10:53:52,1
2010-06-28 11:00:54,1
2010-06-20 11:32:56,1
2010-06-26 19:57:46,1
2010-06-12 04:44:51,1
2010-06-19 16:51:16,1
2010-06-21 09:56:25,1
2010-06-10 20:15:46,1
2010-06-01 08:00:05,1
2010-06-22 22:17:03,1
2010-06-26 03:32:50,1
2010-06-26 10:56:51,1
2010-06-25 14:29:07,1
2010-06-30 15:29:21,1
2010-06-29 22:35:57,1
2010-06-23 00:22:02,1
2010-06-01 15:26:41,1
2010-06-08 13:14:39,1
2010-06-04 10:17:22,1
2010-06-18 22:52:16,1
2010-06-18 11:35:03,1
2010-06-11 16:14:45,1
2010-06-24 04:19:58,1
2010-06-05 15:19:40,1
2010-06-11 13:16:31,1
2010-06-14 06:46:07,1
2010-06-30 16:31:45,1
2010-06-21 03:03:13,1
2010-06-04 04:33:22,1
2010-06-18 09:48:58,1
2010-06-30 08:54:54,1
2010-06-09 01:01:28,1
2010-06-19 14:18:14,1
2010-06-17 05:53:10,1
2010-06-16 08:59:00,1
2010-06-27 13:46:01,1
2010-06-18 09:24:29,1
2010-06-15 02:03:30,1
2010-06-01 11:22:33,1
2010-06-06 11:52:18,1
2010-06-11 12:59:38,1
2010-06-03 06:51:22,1
2010-06-09 20:12:27,1
2010-06-16 13:12:56,1
2010-06-21 09:11:31,1
2010-06-07 06:05:18,1
2010-06-05 19:19:33,1
2010-06-02 03:06:12,1
2010-06-21 23:47:43,1
2010-06-10 08:08:17,1
2010-06-14 12:00:38,1
2010-06-03 20:22:48,1
2010-06-05 10:24:55,1
2010-06-16 08:55:41,1
2010-06-14 15:52:17,1
2010-06-02 12:28:29,1
2010-06-18 04:59:37,1
2010-06-05 11:41:17,1
2010-06-13 13:59:40,1
2010-06-04 08:05:15,1
2010-06-17 14:10:51,1
2010-06-03 04:48:13,1
2010-06-25 12:10:43,1
2010-06-15 22:48:39,1
2010-06-19 22:12:44,1
2010-06-10 07:41:39,1
2010-06-05 17:48:31,1
2010-06-20 17:56:09,1
2010-06-05 19:34:03,1
2010-06-11 22:44:16,1
2010-06-27 21:08:32,1
2010-06-22 23:45:50,1
2010-06-08 15:10:18,1
2010-06-14 10:47:40,1
2010-06-23 21:34:26,1
2010-06-07 09:47:26,1
2010-06-29 22:49:03,1
2010-06-03 01:41:40,1
2010-06-11 22:18:35,1
2010-06-20 13:46:52,1
2010-06-12 14:22:09,1
2010-06-12 06:30:39,1
2010-06-09 06:17:33,1
2010-06-04 08:38:33,1
2010-06-05 10:02:17,1
2010-06-18 08:20:25,1
2010-06-13 02:33:12,1
2010-06-24 17:23:57,1
2010-06-08 16:25:19,1
2010-06-18 23:01:56,1
2010-06-23 01:38:16,1
2010-06-18 01:13:09,1
2010-06-11 03:48:04,1
2010-06-29 12:06:38,1
2010-06-21 12:21:15,1
2010-06-07 12:49:53,1
2010-06-11 08:18:15,1
2010-06-13 10:23:26,1
2010-06-26 06:42:46,1
2010-06-11 14:10:20,1
2010-06-02 09:12:19,1
2010-06-10 13:20:30,1
2010-06-03 06:47:25,1
2010-06-16 18:06:03,1
2010-06-03 20:24:10,1
2010-06-18 18:06:29,1
2010-06-06 01:57:35,1
2010-06-12 03:28:20,1
2010-06-26 21:19:23,1
2010-06-25 09:28:38,1
2010-06-15 09:52:48,1
2010-06-27 10:42:07,1
2010-06-08 08:53:38,1
2010-06-11 03:16:54,1
2010-06-09 10:49:49,1
2010-06-10 23:54:06,1
2010-06-19 19:27:04,1
2010-06-12 19:57:48,1
2010-06-29 05:23:18,1
2010-06-08 05:23:49,1
2010-06-26 04:11:53,1
2010-06-16 02:42:56,1
2010-06-10 23:07:45,1
2010-06-12 03:16:15,1
2010-06-03 18:26:49,1
2010-06-26 08:43:10,1
2010-06-21 02:11:41,1
2010-06-14 13:33:09,1
2010-06-02 02:19:12,1
2010-06-10 22:05:06,1
2010-06-09 00:10:16,1
2010-06-12 01:05:26,1
2010-06-06 12:00:59,1
2010-06-15 02:31:24,1
2010-06-03 15:57:01,1
2010-06-14 14:12:22,1
2010-06-30 20:09:04,1
2010-06-12 14:25:20,1
2010-06-04 03:31:19,1
2010-06-14 04:45:23,1
2010-06-09 06:20:30,1
2010-06-03 12:30:17,1
2010-06-09 07:07:05,1
2010-06-08 08:52:04,1
2010-06-10 06:31:16,1
2010-06-15 20:07:16,1
2010-06-08 16:36:19,1
2010-06-07 10:16:01,1
2010-06-26 09:25:33,1
2010-06-10 11:54:59,1
2010-06-14 01:12:47,1
2010-06-28 10:01:34,1
2010-06-05 05:57:09,1
2010-06-24 18:29:32,1
2010-06-02 03:09:17,1
2010-06-14 00:09:42,1
2010-06-22 03:38:25,1
2010-06-25 08:48:49,1
2010-06-21 06:07:20,1
2010-06-11 11:37:12,1
2010-06-20 12:27:54,1
2010-06-30 04:14:35,1
2010-06-19 11:16:54,1
2010-06-10 10:00:54,1
2010-06-12 20:41:59,1
2010-06-05 07:12:53,1
2010-06-08 18:15:38,1
2010-06-02 22:26:32,1
2010-06-14 15:52:39,1
2010-06-11 11:27:49,1
2010-06-20 16:58:09,1
2010-06-02 08:31:03,1
2010-06-13 02:10:46,1
2010-06-11 15:40:43,1
2010-06-30 13:22:58,1
2010-06-06 18:01:01,1
2010-06-08 04:16:56,1
2010-06-16 23:24:58,1
2010-06-28 00:01:01,1
2010-06-17 14:36:24,1
2010-06-21 18:18:37,1
2010-06-14 23:40:24,1
2010-06-11 23:39:13,1
2010-06-24 04:48:58,1
2010-06-15 13:10:04,1
2010-06-16 06:05:39,1
2010-06-12 04:50:21,1
2010-06-05 06:43:04,1
2010-06-11 11:54:47,1
2010-06-24 06:20:46,1
2010-06-05 15:00:36,1
2010-06-28 06:30:20,1
2010-06-25 09:26:47,1
2010-06-10 10:08:26,1
2010-06-13 13:34:53,1
2010-06-30 18:14:16,1
2010-06-03 22:30:09,1
2010-06-03 00:31:59,1
2010-06-16 10:05:04,1
2010-06-17 20:17:43,1
2010-06-19 12:43:52,1
2010-06-11 19:10:27,1
2010-06-16 18:32:21,1
2010-06-09 22:28:08,1
2010-06-07 00:11:52,1
2010-06-15 06:32:03,1
2010-06-23 10:52:49,1
2010-06-28 18:24:25,1
2010-06-04 05:16:17,1
2010-06-08 06:10:08,1
2010-06-12 13:38:18,1
2010-06-06 20:28:29,1
2010-06-10 01:55:49,1
2010-06-03 09:02:09,1
2010-06-30 20:15:56,1
2010-06-29 05:55:22,1
2010-06-11 00:11:24,1
2010-06-23 17:27:58,1
2010-06-08 03:56:19,1
2010-06-18 19:09:49,1
2010-06-25 06:35:27,1
2010-06-03 19:28:30,1
2010-06-06 08:04:15,1
2010-06-05 06:58:29,1
2010-06-02 23:42:57,1
2010-06-24 15:48:17,1
2010-06-08 03:46:19,1
2010-06-14 11:44:43,1
2010-06-02 09:07:42,1
2010-06-16 23:41:26,1
2010-06-06 03:15:38,1
2010-06-23 23:28:35,1
2010-06-08 07:18:03,1
2010-06-12 20:37:32,1
2010-06-27 17:45:24,1
2010-06-28 09:34:59,1
2010-06-09 15:45:27,1
2010-06-03 21:26:26,1
2010-06-13 03:55:13,1
2010-06-06 22:04:13,1
2010-06-01 19:44:19,1
2010-06-23 07:31:33,1
2010-06-13 13:11:54,1
2010-06-04 22:12:55,1
2010-06-04 02:05:57,1
2010-06-12 06:45:08,1
2010-06-02 14:40:57,1
2010-06-23 02:28:15,1
2010-06-12 13:07:29,1
2010-06-25 08:14:14,1
2010-06-16 20:04:42,1
2010-06-23 05:42:19,1
2010-06-14 16:26:02,1
2010-06-23 10:50:32,1
2010-06-19 03:35:51,1
2010-06-12 03:55:00,1
2010-06-09 10:21:42,1
2010-06-05 02:18:00,1
2010-06-09 01:09:59,1
2010-06-09 12:10:24,1
2010-06-01 02:19:52,1
2010-06-27 06:38:57,1
2010-06-08 12:11:42,1
2010-06-13 10:29:19,1
2010-06-08 01:15:45,1
2010-06-07 05:51:47,1
2010-06-12 00:10:36,1
2010-06-02 00:55:46,1
2010-06-15 16:13:28,1
2010-06-30 03:31:43,1
2010-06-03 01:52:24,1
2010-06-09 17:53:03,1
2010-06-22 00:30:03,1
2010-06-10 18:57:20,1
2010-06-18 14:07:15,1
2010-06-30 13:58:45,1
2010-06-12 16:30:15,1
2010-06-26 14:23:30,1
2010-06-13 04:21:06,1
2010-06-23 18:36:04,1
2010-06-24 20:55:23,1
2010-06-21 09:46:26,1
2010-06-16 14:36:56,1
2010-06-07 13:58:53,1
2010-06-27 08:03:08,1
2010-06-06 06:04:21,1
2010-06-23 05:31:35,1
2010-06-09 05:22:23,1
2010-06-10 17:22:23,1
2010-06-12 13:57:17,1
2010-06-10 13:44:16,1
2010-06-30 13:14:15,1
2010-06-10 07:53:47,1
2010-06-17 22:59:04,1
2010-06-29 21:39:13,1
2010-06-03 10:32:36,1
2010-06-08 16:43:35,1
2010-06-19 10:51:40,1
2010-06-16 15:07:52,1
2010-06-07 03:11:21,1
2010-06-23 23:09:21,1
2010-06-12 07:05:37,1
2010-06-01 14:37:34,1
2010-06-11 18:57:33,1
2010-06-26 04:41:34,1
2010-06-08 08:24:02,1
2010-06-14 07:55:58,1
2010-06-29 08:23:39,1
2010-06-17 15:58:44,1
2010-06-01 09:06:48,1
2010-06-19 02:28:16,1
2010-06-19 03:11:12,1
2010-06-18 02:24:13,1
2010-06-19 23:00:49,1
2010-06-08 06:18:06,1
2010-06-17 13:01:34,1
2010-06-13 16:26:23,1
2010-06-30 23:09:26,1
2010-06-05 11:26:36,1
2010-06-27 00:23:32,1
2010-06-02 05:43:29,1
2010-06-08 14:35:35,1
2010-06-02 10:34:24,1
2010-06-24 00:55:38,1
2010-06-05 05:53:00,1
2010-06-08 04:34:41,1
2010-06-22 03:14:54,1
2010-06-26 07:20:57,1
2010-06-07 12:31:17,1
2010-06-18 17:44:10,1
2010-06-15 17:01:53,1
2010-06-10 22:31:49,1
2010-06-27 12:35:39,1
2010-06-12 11:41:24,1
2010-06-06 17:07:06,1
2010-06-08 01:47:36,1
2010-06-25 00:40:06,1
2010-06-26 14:12:29,1
2010-06-04 08:49:53,1
2010-06-18 17:56:45,1
2010-06-08 11:53:05,1
2010-06-30 17:34:19,1
2010-06-26 06:58:46,1
2010-06-15 08:30:12,1
2010-06-14 02:51:11,1
2010-06-06 14:04:17,1
2010-06-30 09:25:25,1
2010-06-23 05:36:26,1
2010-06-24 18:01:43,1
2010-06-03 19:21:57,1
2010-06-11 10:08:32,1
2010-06-15 22:38:38,1
2010-06-14 08:57:57,1
2010-06-07 10:28:46,1
2010-06-28 04:55:21,1
2010-06-08 19:49:28,1
2010-06-07 02:37:05,1
2010-06-08 13:14:32,1
2010-06-11 16:58:17,1
2010-06-08 06:46:00,1
2010-06-06 08:32:56,1
2010-06-12 07:41:56,1
2010-06-05 10:11:56,1
2010-06-03 10:37:57,1
2010-06-10 06:35:26,1
2010-06-16 00:35:27,1
2010-06-19 03:03:46,1
2010-06-21 08:36:13,1
2010-06-07 12:44:21,1
2010-06-09 00:07:48,1
2010-06-15 16:10:47,1
2010-06-12 19:02:52,1
2010-06-04 02:32:30,1
2010-06-22 03:53:00,1
2010-06-24 23:12:16,1
2010-06-23 03:40:28,1
2010-06-08 22:40:14,1
2010-06-10 23:07:50,1
2010-06-09 06:50:02,1
2010-06-10 14:00:54,1
2010-06-06 01:37:04,1
2010-06-11 06:44:56,1
2010-06-19 00:13:08,1
2010-06-07 14:01:10,1
2010-06-05 01:09:53,1
2010-06-08 10:10:30,1
2010-06-12 18:24:33,1
2010-06-19 15:20:24,1
2010-06-07 12:56:47,1
2010-06-16 02:56:48,1
2010-06-18 00:51:53,1
2010-06-14 11:48:01,1
2010-06-10 23:58:15,1
2010-06-06 15:10:37,1
2010-06-16 13:53:07,1
2010-06-08 09:29:38,1
2010-06-02 01:08:35,1
2010-06-30 01:14:50,1
2010-06-07 17:57:31,1
2010-06-10 09:30:42,1
2010-06-29 16:38:28,1
2010-06-01 14:05:08,1
2010-06-18 03:27:04,1
2010-06-23 12:28:08,1
2010-06-30 03:22:24,1
2010-06-03 13:22:07,1
2010-06-15 22:44:29,1
2010-06-25 11:54:38,1
2010-06-05 14:39:01,1
2010-06-16 17:53:08,1
2010-06-28 04:33:08,1
2010-06-25 03:32:08,1
2010-06-24 15:52:38,1
2010-06-05 04:59:33,1
2010-06-26 07:55:25,1
2010-06-26 12:38:19,1
2010-06-01 06:52:24,1
2010-06-28 01:53:37,1
2010-06-02 11:59:51,1
2010-06-20 05:24:19,1
2010-06-03 09:50:21,1
2010-06-12 10:28:26,1
2010-06-12 18:04:10,1
2010-06-17 04:13:30,1
2010-06-30 11:34:03,1
2010-06-06 09:57:29,1
2010-06-08 12:32:49,1
2010-06-13 07:19:43,1
2010-06-05 14:39:25,1
2010-06-11 15:14:53,1
2010-06-02 10:49:43,1
2010-06-07 01:29:57,1
2010-06-22 06:17:27,1
2010-06-08 13:09:34,1
2010-06-08 08:43:12,1
2010-06-14 02:21:01,1
2010-06-24 02:00:13,1
2010-06-01 16:24:30,1
2010-06-13 16:50:07,1
2010-06-08 23:41:42,1
2010-06-25 14:01:13,1
2010-06-17 07:32:09,1
2010-06-20 18:55:28,1
2010-06-23 00:11:24,1
2010-06-03 14:30:53,1
2010-06-26 22:58:01,1
2010-06-26 04:30:07,1
2010-06-09 07:20:58,1
2010-06-29 11:22:49,1
2010-06-27 11:38:54,1
2010-06-26 05:13:40,1
2010-06-24 14:00:26,1
2010-06-07 05:38:59,1
2010-06-05 22:03:09,1
2010-06-20 01:28:25,1
2010-06-29 12:29:03,1
2010-06-20 09:31:06,1
2010-06-07 17:15:01,1
2010-06-21 05:18:11,1
2010-06-25 05:10:33,1
2010-06-28 09:12:15,1
2010-06-21 21:07:29,1
2010-06-03 08:07:29,1
2010-06-27 23:24:51,1
2010-06-10 11:40:23,1
2010-06-08 00:56:58,1
2010-06-27 06:38:56,1
2010-06-25 17:56:35,1
2010-06-04 16:38:41,1
2010-06-18 00:12:28,1
2010-06-13 11:49:47,1
2010-06-12 03:48:40,1
2010-06-10 11:06:33,1
2010-06-28 16:22:23,1
2010-06-19 06:56:19,1
2010-06-20 00:37:48,1
2010-06-11 11:49:29,1
2010-06-09 01:39:45,1
2010-06-12 01:55:11,1
2010-06-04 08:45:38,1
2010-06-24 12:44:10,1
2010-06-07 02:38:15,1
2010-06-03 04:30:20,1
2010-06-16 08:08:39,1
2010-06-16 14:01:00,1
2010-06-11 06:51:27,1
2010-06-11 07:18:21,1
2010-06-06 07:01:02,1
2010-06-07 13:24:10,1
2010-06-20 13:08:21,1
2010-06-30 07:42:09,1
2010-06-29 02:27:35,1
2010-06-17 12:00:59,1
2010-06-16 20:09:54,1
2010-06-09 11:34:27,1
2010-06-05 02:44:13,1
2010-06-21 13:11:44,1
2010-06-04 16:18:23,1
2010-06-12 05:00:21,1
2010-06-16 16:39:13,1
2010-06-28 05:04:38,1
2010-06-16 00:57:36,1
2010-06-13 20:30:16,1
2010-06-22 03:56:54,1
2010-06-06 19:40:22,1
2010-06-09 07:45:15,1
2010-06-20 14:32:29,1
2010-06-28 13:46:27,1
2010-06-03 12:02:19,1
2010-06-02 16:06:16,1
2010-06-08 18:43:51,1
2010-06-24 19:53:02,1
2010-06-16 02:36:42,1
2010-06-13 13:12:37,1
2010-06-17 20:53:57,1
2010-06-02 11:39:36,1
2010-06-12 00:16:02,1
2010-06-06 13:14:15,1
2010-06-30 23:52:13,1
2010-06-01 03:44:01,1
2010-06-20 22:08:00,1
2010-06-23 01:54:27,1
2010-06-25 17:07:39,1
2010-06-15 10:11:52,1
2010-06-14 08:57:29,1
2010-06-21 07:32:49,1
2010-06-29 11:51:51,1
2010-06-05 15:40:56,1
2010-06-20 22:00:41,1
2010-06-26 09:30:53,1
2010-06-04 05:42:44,1
2010-06-26 06:17:25,1
2010-06-17 05:56:54,1
2010-06-27 15:57:24,1
2010-06-10 14:12:08,1
2010-06-18 14:19:57,1
2010-06-10 04:24:25,1
2010-06-23 18:58:30,1
2010-06-27 11:07:23,1
2010-06-05 01:43:57,1
2010-06-30 07:09:37,1
2010-06-11 03:43:53,1
2010-06-20 14:57:07,1
2010-06-03 00:03:56,1
2010-06-30 23:43:18,1
2010-06-20 06:19:08,1
2010-06-08 02:05:29,1
2010-06-06 07:16:02,1
2010-06-02 01:29:49,1
2010-06-20 05:58:24,1
2010-06-01 02:20:17,1
2010-06-14 19:47:58,1
2010-06-05 18:55:23,1
2010-06-03 22:38:21,1
2010-06-14 02:45:17,1
2010-06-06 22:42:45,1
2010-06-16 05:16:59,1
2010-06-25 16:47:43,1
2010-06-05 16:26:29,1
2010-06-13 01:47:42,1
2010-06-20 06:06:26,1
2010-06-07 03:29:41,1
2010-06-26 07:06:06,1
2010-06-18 21:34:01,1
2010-06-16 15:24:51,1
2010-06-30 20:07:14,1
2010-06-12 08:34:47,1
2010-06-04 05:18:30,1
2010-06-09 19:36:08,1
2010-06-21 22:50:05,1
2010-06-24 12:19:00,1
2010-06-21 06:50:16,1
2010-06-01 19:03:31,1
2010-06-07 19:44:44,1
2010-06-09 04:32:44,1
2010-06-18 04:48:34,1
2010-06-14 07:42:08,1
2010-06-10 08:15:46,1
2010-06-20 08:05:29,1
2010-06-06 13:39:28,1
2010-06-23 03:54:36,1
2010-06-18 05:20:24,1
2010-06-21 05:48:58,1
2010-06-02 07:31:16,1
2010-06-15 11:56:18,1
2010-06-13 17:52:43,1
2010-06-12 01:53:24,1
2010-06-27 23:29:02,1
2010-06-28 14:27:19,1
2010-06-26 15:57:26,1
2010-06-21 12:34:17,1
2010-06-01 11:17:42,1
2010-06-25 14:35:39,1
2010-06-24 08:05:07,1
2010-06-16 12:32:20,1
2010-06-28 09:11:45,1
2010-06-03 04:38:02,1
2010-06-08 20:18:29,1
2010-06-01 11:59:09,1
2010-06-05 04:56:03,1
2010-06-15 08:17:17,1
2010-06-08 12:08:59,1
2010-06-27 12:36:56,1
2010-06-25 14:04:39,1
2010-06-01 21:56:37,1
2010-06-12 03:31:37,1
2010-06-27 22:56:16,1
2010-06-13 04:21:47,1
2010-06-18 06:16:48,1
2010-06-21 09:42:26,1
2010-06-22 13:35:23,1
2010-06-08 17:59:12,1
2010-06-15 13:04:20,1
2010-06-13 10:38:36,1
2010-06-17 03:58:21,1
2010-06-07 21:03:15,1
2010-06-17 03:00:39,1
2010-06-04 12:37:07,1
2010-06-15 16:01:12,1
2010-06-28 16:28:06,1
2010-06-15 06:12:34,1
2010-06-11 00:25:38,1
2010-06-22 09:29:05,1
2010-06-17 03:44:52,1
2010-06-27 11:16:36,1
2010-06-03 22:58:48,1
2010-06-30 06:55:18,1
2010-06-04 14:06:45,1
2010-06-04 20:11:44,1
2010-06-03 17:52:14,1
2010-06-07 11:40:59,1
2010-06-24 14:09:53,1
2010-06-26 01:22:02,1
2010-06-19 09:13:05,1
2010-06-17 02:50:36,1
2010-06-01 19:45:53,1
2010-06-28 12:45:20,1
2010-06-20 13:10:15,1
2010-06-18 11:56:25,1
2010-06-12 22:59:24,1
2010-06-20 09:49:51,1
2010-06-03 15:45:51,1
2010-06-07 14:30:40,1
2010-06-25 22:46:52,1
2010-06-18 09:24:01,1
2010-06-11 01:57:39,1
2010-06-30 13:15:44,1
2010-06-06 13:21:41,1
2010-06-08 10:07:38,1
2010-06-24 16:41:53,1
2010-06-07 13:27:04,1
2010-06-28 04:25:02,1
2010-06-06 05:59:57,1
2010-06-26 11:40:15,1
2010-06-29 05:17:38,1
2010-06-13 15:13:48,1
2010-06-18 12:36:01,1
2010-06-07 15:00:59,1
2010-06-05 09:58:08,1
2010-06-09 05:16:53,1
2010-06-25 14:03:41,1
2010-06-06 13:49:19,1
2010-06-29 18:45:36,1
2010-06-22 04:29:54,1
2010-06-29 10:26:17,1
2010-06-07 07:23:59,1
2010-06-14 00:44:38,1
2010-06-02 06:37:10,1
2010-06-21 02:05:01,1
2010-06-22 12:03:23,1
2010-06-10 06:35:06,1
2010-06-01 09:37:20,1
2010-06-02 11:01:27,1
2010-06-06 04:27:42,1
2010-06-30 23:59:49,1
2010-06-01 23:17:27,1
2010-06-08 12:26:39,1
2010-06-25 02:49:23,1
2010-06-03 09:19:22,1
2010-06-18 14:02:13,1
2010-06-16 11:53:14,1
2010-06-22 00:08:28,1
2010-06-11 06:33:59,1
2010-06-29 11:07:36,1
2010-06-12 23:37:19,1
2010-06-11 20:42:10,1
2010-06-10 05:23:41,1
2010-06-13 02:20:03,1
2010-06-07 23:31:33,1
2010-06-11 01:04:28,1
2010-06-08 17:05:09,1
2010-06-06 00:20:45,1
2010-06-25 02:59:39,1
2010-06-15 06:00:13,1
2010-06-07 05:07:24,1
2010-06-07 16:33:49,1
2010-06-15 20:46:57,1
2010-06-03 22:24:08,1
2010-06-16 04:25:48,1
2010-06-18 08:40:53,1
2010-06-01 05:49:19,1
2010-06-21 10:50:40,1
2010-06-11 00:49:07,1
2010-06-08 08:02:28,1
2010-06-30 12:34:56,1
2010-06-21 11:05:00,1
2010-06-15 23:21:32,1
2010-06-26 14:25:50,1
2010-06-12 12:16:26,1
2010-06-27 01:47:43,1
2010-06-23 13:42:44,1
2010-06-08 01:21:12,1
2010-06-21 19:09:58,1
2010-06-02 02:59:05,1
2010-06-04 02:37:20,1
2010-06-24 19:50:47,1
2010-06-14 22:10:47,1
2010-06-26 06:29:18,1
2010-06-17 00:45:13,1
2010-06-04 07:53:14,1
2010-06-14 20:24:14,1
2010-06-24 23:59:44,1
2010-06-28 12:21:00,1
2010-06-11 10:59:52,1
2010-06-05 03:21:07,1
2010-06-14 10:54:16,1
2010-06-25 17:12:22,1
2010-06-18 21:56:19,1
2010-06-12 19:38:22,1
2010-06-01 15:44:02,1
2010-06-13 19:47:09,1
2010-06-03 12:02:46,1
2010-06-06 06:38:01,1
2010-06-06 16:37:45,1
2010-06-29 23:21:45,1
2010-06-22 18:48:23,1
2010-06-03 11:54:18,1
2010-06-24 10:09:18,1
2010-06-04 04:54:35,1
2010-06-10 23:21:31,1
2010-06-24 08:55:24,1
2010-06-23 15:46:39,1
2010-06-17 13:35:55,1
2010-06-07 01:13:09,1
2010-06-12 14:50:52,1
2010-06-15 13:05:05,1
2010-06-28 17:20:49,1
2010-06-12 02:39:58,1
2010-06-28 21:43:14,1
2010-06-09 02:10:00,1
2010-06-05 12:44:00,1
2010-06-07 08:03:30,1
2010-06-27 22:26:22,1
2010-06-23 23:50:07,1
2010-06-02 03:35:06,1
2010-06-28 01:02:50,1
2010-06-17 10:27:14,1
2010-06-26 20:51:03,1
2010-06-29 15:52:36,1
2010-06-14 23:55:46,1
2010-06-11 14:22:36,1
2010-06-13 14:02:36,1
2010-06-11 16:44:02,1
2010-06-17 20:29:42,1
2010-06-28 13:10:39,1
2010-06-30 16:21:05,1
2010-06-24 12:08:44,1
2010-06-20 09:47:55,1
2010-06-12 08:26:23,1
2010-06-26 19:39:28,1
2010-06-05 19:04:06,1
2010-06-12 18:48:52,1
2010-06-09 16:45:41,1
2010-06-13 20:18:48,1
2010-06-17 04:35:11,1
2010-06-03 21:45:21,1
2010-06-10 16:27:25,1
2010-06-04 17:25:31,1
2010-06-13 16:28:13,1
2010-06-14 18:01:06,1
2010-06-17 16:29:19,1
2010-06-12 05:32:02,1
2010-06-27 03:54:26,1
2010-06-22 23:04:23,1
2010-06-12 03:54:59,1
2010-06-26 22:43:22,1
2010-06-13 21:17:52,1
2010-06-11 23:50:02,1
2010-06-28 22:52:26,1
2010-06-23 20:12:24,1
2010-06-26 16:20:11,1
2010-06-29 10:13:07,1
2010-06-23 09:46:18,1
2010-06-12 20:11:29,1
2010-06-02 03:49:17,1
2010-06-20 10:14:23,1
2010-06-03 04:09:02,1
2010-06-23 17:24:43,1
2010-06-27 12:09:56,1
2010-06-13 05:10:14,1
2010-06-18 13:59:40,1
2010-06-02 04:24:47,1
2010-06-22 05:27:02,1
2010-06-06 20:19:32,1
2010-06-04 18:01:32,1
2010-06-27 12:06:11,1
2010-06-08 09:33:34,1
2010-06-30 07:43:47,1
2010-06-20 20:29:15,1
2010-06-16 18:49:03,1
2010-06-25 02:53:34,1
2010-06-15 11:54:00,1
2010-06-06 05:34:04,1
2010-06-14 15:20:52,1
2010-06-20 06:38:49,1
2010-06-04 12:35:09,1
2010-06-06 14:40:11,1
2010-06-22 09:59:19,1
2010-06-19 09:11:38,1
2010-06-09 07:38:21,1
2010-06-07 02:50:03,1
2010-06-15 09:21:39,1
2010-06-14 23:59:47,1
2010-06-25 03:28:09,1
2010-06-14 07:03:20,1
2010-06-08 09:09:49,1
2010-06-21 08:18:26,1
2010-06-09 09:36:16,1
2010-06-16 13:45:31,1
2010-06-03 13:52:56,1
2010-06-20 11:12:53,1
2010-06-28 07:17:06,1
2010-06-19 19:59:42,1
2010-06-03 12:29:47,1
2010-06-02 11:50:55,1
2010-06-20 10:58:18,1
2010-06-26 19:23:03,1
2010-06-08 10:37:59,1
2010-06-30 05:34:40,1
2010-06-06 13:17:50,1
2010-06-05 22:17:30,1
2010-06-19 15:37:49,1
2010-06-11 18:02:58,1
2010-06-11 16:58:05,1
2010-06-30 21:09:11,1
2010-06-04 00:37:51,1
2010-06-30 03:42:20,1
2010-06-13 14:56:56,1
2010-06-28 00:49:07,1
2010-06-07 23:19:23,1
2010-06-05 10:33:17,1
2010-06-17 17:03:28,1
2010-06-15 06:39:46,1
2010-06-25 23:06:26,1
2010-06-27 14:53:53,1
2010-06-28 21:03:29,1
2010-06-07 11:09:33,1
2010-06-14 03:52:43,1
2010-06-22 00:17:20,1
2010-06-29 13:45:25,1
2010-06-11 13:42:05,1
2010-06-05 03:25:25,1
2010-06-17 12:51:28,1
2010-06-01 21:34:48,1
2010-06-08 01:24:27,1
2010-06-27 13:43:35,1
2010-06-07 07:53:29,1
2010-06-06 01:07:53,1
2010-06-22 16:45:29,1
2010-06-07 20:46:59,1
2010-06-19 09:27:26,1
2010-06-14 12:27:38,1
2010-06-12 07:40:05,1
2010-06-25 00:53:32,1
2010-06-12 03:22:44,1
2010-06-11 15:09:24,1
2010-06-08 17:24:39,1
2010-06-03 04:38:29,1
2010-06-07 02:32:09,1
2010-06-02 09:58:22,1
2010-06-30 14:49:04,1
2010-06-25 17:43:32,1
2010-06-07 05:35:55,1
2010-06-13 06:47:59,1
2010-06-03 01:58:30,1
2010-06-24 02:06:52,1
2010-06-02 01:17:41,1
2010-06-05 12:23:27,1
2010-06-10 04:45:49,1
2010-06-25 10:54:38,1
2010-06-09 06:38:10,1
2010-06-26 09:45:52,1
2010-06-11 09:38:13,1
2010-06-21 01:48:46,1
2010-06-05 05:16:21,1
2010-06-07 09:09:09,1
2010-06-30 03:45:42,1
2010-06-11 04:41:53,1
2010-06-07 19:29:16,1
2010-06-08 11:31:50,1
2010-06-06 19:25:47,1
2010-06-29 05:52:27,1
2010-06-07 15:44:37,1
2010-06-29 05:56:38,1
2010-06-24 06:19:00,1
2010-06-18 01:46:19,1
2010-06-02 03:23:16,1
2010-06-19 13:52:45,1
2010-06-04 07:01:18,1
2010-06-21 00:56:38,1
2010-06-04 04:34:15,1
2010-06-27 19:06:14,1
2010-06-07 20:22:34,1
2010-06-04 02:22:17,1
2010-06-14 18:21:00,1
2010-06-21 21:53:01,1
2010-06-22 02:35:43,1
2010-06-12 19:01:10,1
2010-06-01 16:46:37,1
2010-06-22 14:44:08,1
2010-06-19 05:57:49,1
2010-06-18 15:52:45,1
2010-06-19 03:14:11,1
2010-06-08 11:47:30,1
2010-06-18 15:38:52,1
2010-06-28 02:14:21,1
2010-06-19 14:33:27,1
2010-06-09 01:54:26,1
2010-06-05 11:21:06,1
2010-06-19 01:44:52,1
2010-06-24 04:37:12,1
2010-06-12 06:46:28,1
2010-06-20 01:08:01,1
2010-06-17 22:57:33,1
2010-06-22 07:23:00,1
2010-06-30 04:07:03,1
2010-06-11 03:50:57,1
2010-06-14 16:04:07,1
2010-06-19 22:30:45,1
2010-06-03 16:23:35,1
2010-06-07 00:10:32,1
2010-06-11 08:33:03,1
2010-06-27 11:54:17,1
2010-06-17 16:47:51,1
2010-06-27 10:48:25,1
2010-06-08 05:24:15,1
2010-06-17 18:08:48,1
2010-06-20 23:54:22,1
2010-06-27 11:30:46,1
2010-06-13 01:27:41,1
2010-06-30 08:51:35,1
2010-06-17 21:07:45,1
2010-06-02 00:09:29,1
2010-06-24 03:22:57,1
2010-06-26 02:08:11,1
2010-06-04 11:03:12,1
2010-06-27 04:34:30,1
2010-06-19 17:01:31,1
2010-06-01 09:12:29,1
2010-06-23 06:23:24,1
2010-06-21 04:54:32,1
2010-06-25 20:06:38,1
2010-06-05 20:37:38,1
2010-06-20 00:54:57,1
2010-06-04 03:54:10,1
2010-06-01 14:06:25,1
2010-06-08 13:35:32,1
2010-06-30 16:26:51,1
2010-06-16 08:52:05,1
2010-06-26 16:43:41,1
2010-06-02 05:51:32,1
2010-06-28 15:36:39,1
2010-06-16 16:26:43,1
2010-06-21 23:35:13,1
2010-06-19 05:07:29,1
2010-06-10 09:59:16,1
2010-06-08 19:23:40,1
2010-06-06 00:42:01,1
2010-06-27 22:12:21,1
2010-06-13 07:12:57,1
2010-06-30 07:35:56,1
2010-06-07 13:25:18,1
2010-06-23 23:23:22,1
2010-06-04 12:07:29,1
2010-06-02 00:35:12,1
2010-06-08 08:59:40,1
2010-06-30 00:37:25,1
2010-06-02 23:24:28,1
2010-06-17 01:10:12,1
2010-06-11 07:25:28,1
2010-06-18 00:07:21,1
2010-06-12 14:50:55,1
2010-06-16 02:08:38,1
2010-06-19 14:14:54,1
2010-06-02 10:49:56,1
2010-06-11 12:56:14,1
2010-06-27 13:55:54,1
2010-06-12 03:37:58,1
2010-06-20 07:17:21,1
2010-06-29 09:15:32,1
2010-06-16 14:46:47,1
2010-06-24 08:14:02,1
2010-06-03 17:35:43,1
2010-06-29 20:48:03,1
2010-06-25 08:13:15,1
2010-06-15 16:09:21,1
2010-06-17 02:36:52,1
2010-06-20 07:05:04,1
2010-06-09 13:18:42,1
2010-06-06 07:32:29,1
2010-06-27 05:51:12,1
2010-06-01 06:02:59,1
2010-06-19 13:33:38,1
2010-06-18 11:24:51,1
2010-06-12 06:13:44,1
2010-06-12 13:20:17,1
2010-06-10 09:47:04,1
2010-06-25 05:50:39,1
2010-06-03 20:04:17,1
2010-06-14 05:04:38,1
2010-06-05 07:37:48,1
2010-06-12 14:50:53,1
2010-06-29 11:18:22,1
2010-06-10 17:20:58,1
2010-06-06 00:12:22,1
2010-06-16 16:16:57,1
2010-06-04 17:37:52,1
2010-06-25 13:55:15,1
2010-06-01 12:07:15,1
2010-06-07 11:24:22,1
2010-06-01 01:06:35,1
2010-06-09 23:56:18,1
2010-06-07 02:39:37,1
2010-06-14 19:06:22,1
2010-06-16 04:07:10,1
2010-06-20 07:35:00,1
2010-06-08 12:53:00,1
2010-06-21 03:31:35,1
2010-06-29 11:39:52,1
2010-06-01 16:37:05,1
2010-06-29 17:17:21,1
2010-06-01 12:59:53,1
2010-06-07 11:39:29,1
2010-06-05 12:28:29,1
2010-06-12 18:48:13,1
2010-06-01 05:18:48,1
2010-06-12 15:42:20,1
2010-06-01 00:42:39,1
2010-06-24 15:13:45,1
2010-06-20 01:49:41,1
2010-06-30 12:49:00,1
2010-06-06 09:43:45,1
2010-06-06 02:15:42,1
2010-06-15 10:05:00,1
2010-06-01 19:56:51,1
2010-06-11 10:27:25,1
2010-06-18 00:39:48,1
2010-06-11 18:00:02,1
2010-06-09 12:02:35,1
2010-06-30 05:16:37,1
2010-06-05 06:32:30,1
2010-06-21 04:33:55,1
2010-06-30 12:48:04,1
2010-06-16 16:33:13,1
2010-06-06 09:06:48,1
2010-06-19 18:01:56,1
2010-06-25 16:40:36,1
2010-06-13 03:41:11,1
2010-06-24 05:24:52,1
2010-06-11 10:38:48,1
2010-06-11 15:59:00,1
2010-06-26 05:41:59,1
2010-06-20 00:28:23,1
2010-06-25 11:08:05,1
2010-06-18 12:06:25,1
2010-06-08 12:29:45,1
2010-06-01 08:39:00,1
2010-06-01 22:39:52,1
2010-06-25 22:42:17,1
2010-06-21 15:18:59,1
2010-06-21 16:58:55,1
2010-06-08 01:17:03,1
2010-06-18 23:37:20,1
2010-06-17 14:00:50,1
2010-06-05 05:41:38,1
2010-06-11 23:02:46,1
2010-06-06 11:18:03,1
2010-06-12 01:25:56,1
2010-06-30 05:02:21,1
2010-06-19 05:22:04,1
2010-06-09 14:09:36,1
2010-06-22 09:37:37,1
2010-06-21 05:50:47,1
2010-06-25 13:59:21,1
2010-06-03 08:37:53,1
2010-06-03 10:22:29,1
2010-06-01 12:24:26,1
2010-06-23 07:07:17,1
2010-06-28 17:09:26,1
2010-06-05 08:43:27,1
2010-06-26 08:08:33,1
2010-06-19 16:45:27,1
2010-06-15 03:06:01,1
2010-06-08 16:10:46,1
2010-06-04 09:45:22,1
2010-06-20 13:46:10,1
2010-06-07 18:27:45,1
2010-06-22 04:56:21,1
2010-06-07 14:47:21,1
2010-06-07 16:52:52,1
2010-06-17 19:10:14,1
2010-06-29 03:33:16,1
2010-06-21 20:59:09,1
2010-06-29 06:11:49,1
2010-06-16 08:40:48,1
2010-06-08 14:08:39,1
2010-06-16 07:39:04,1
2010-06-07 11:25:56,1
2010-06-17 11:25:30,1
2010-06-06 03:29:01,1
2010-06-07 12:05:37,1
2010-06-09 01:53:00,1
2010-06-29 02:36:45,1
2010-06-27 11:51:20,1
2010-06-13 04:44:54,1
2010-06-10 12:59:47,1
2010-06-13 00:00:27,1
2010-06-04 01:25:38,1
2010-06-21 09:43:47,1
2010-06-25 23:32:25,1
2010-06-01 01:29:18,1
2010-06-23 21:51:41,1
2010-06-28 08:50:21,1
2010-06-04 01:43:04,1
2010-06-14 16:38:35,1
2010-06-20 19:18:58,1
2010-06-10 08:53:06,1
2010-06-20 19:07:23,1
2010-06-18 18:53:37,1
2010-06-25 22:47:16,1
2010-06-23 09:51:38,1
2010-06-05 03:03:18,1
2010-06-05 19:59:04,1
2010-06-20 22:47:37,1
2010-06-18 18:08:27,1
2010-06-09 14:18:22,1
2010-06-26 03:35:50,1
2010-06-17 01:09:01,1
2010-06-25 16:09:20,1
2010-06-22 20:04:53,1
2010-06-13 19:34:27,1
2010-06-25 00:13:56,1
2010-06-26 07:27:14,1
2010-06-06 01:42:03,1
2010-06-14 11:09:54,1
2010-06-03 12:50:48,1
2010-06-30 14:46:44,1
2010-06-19 02:36:56,1
2010-06-06 21:13:22,1
2010-06-17 15:27:16,1
2010-06-11 14:10:39,1
2010-06-24 01:55:49,1
2010-06-29 03:51:11,1
2010-06-12 12:28:55,1
2010-06-12 08:18:11,1
2010-06-28 04:45:17,1
2010-06-08 13:39:23,1
2010-06-23 14:10:25,1
2010-06-27 02:45:22,1
2010-06-11 21:39:24,1
2010-06-11 15:08:41,1
2010-06-20 09:30:25,1
2010-06-24 23:02:18,1
2010-06-06 07:48:10,1
2010-06-27 12:16:38,1
2010-06-21 23:56:12,1
2010-06-15 12:33:25,1
2010-06-06 12:32:45,1
2010-06-27 20:02:53,1
2010-06-27 05:26:08,1
2010-06-28 23:48:11,1
2010-06-06 08:12:57,1
2010-06-09 23:52:47,1
2010-06-08 22:48:59,1
2010-06-28 23:18:12,1
2010-06-10 10:48:51,1
2010-06-05 12:45:00,1
2010-06-11 05:00:17,1
2010-06-02 02:14:04,1
2010-06-28 21:15:45,1
2010-06-08 00:54:33,1
2010-06-22 16:22:59,1
2010-06-07 04:54:41,1
2010-06-20 07:31:41,1
2010-06-30 13:56:31,1
2010-06-15 23:55:55,1
2010-06-18 15:45:14,1
2010-06-30 08:13:22,1
2010-06-23 04:11:38,1
2010-06-10 06:31:44,1
2010-06-29 04:44:00,1
2010-06-11 14:22:08,1
2010-06-27 02:16:41,1
2010-06-20 10:01:11,1
2010-06-05 12:21:00,1
2010-06-24 15:40:06,1
2010-06-24 01:41:08,1
2010-06-07 08:48:49,1
2010-06-20 04:21:41,1
2010-06-21 20:27:43,1
2010-06-24 23:37:42,1
2010-06-30 12:39:37,1
2010-06-25 17:09:53,1
2010-06-08 12:38:56,1
2010-06-11 20:57:32,1
2010-06-23 11:45:04,1
2010-06-14 13:29:50,1
2010-06-30 13:46:53,1
2010-06-05 22:36:32,1
2010-06-04 09:53:54,1
2010-06-20 13:24:35,1
2010-06-20 14:33:18,1
2010-06-09 15:45:26,1
2010-06-27 03:30:56,1
2010-06-22 02:16:16,1
2010-06-06 14:59:33,1
2010-06-07 15:01:28,1
2010-06-15 00:39:35,1
2010-06-21 17:09:57,1
2010-06-25 23:16:03,1
2010-06-19 05:17:26,1
2010-06-26 19:19:24,1
2010-06-30 12:19:26,1
2010-06-15 02:28:32,1
2010-06-02 08:20:30,1
2010-06-17 15:49:15,1
2010-06-22 15:07:20,1
2010-06-23 00:08:24,1
2010-06-08 14:43:14,1
2010-06-24 13:55:50,1
2010-06-29 07:04:12,1
2010-06-16 14:59:48,1
2010-06-01 16:46:06,1
2010-06-08 16:35:28,1
2010-06-05 08:40:45,1
2010-06-13 17:43:09,1
2010-06-17 14:04:38,1
2010-06-14 02:32:51,1
2010-06-06 12:21:41,1
2010-06-16 12:59:51,1
2010-06-07 07:55:38,1
2010-06-26 03:51:27,1
2010-06-11 17:35:42,1
2010-06-15 14:17:59,1
2010-06-15 19:40:56,1
2010-06-21 09:24:51,1
2010-06-05 05:57:23,1
2010-06-08 09:27:29,1
2010-06-18 02:08:35,1
2010-06-05 14:08:43,1
2010-06-16 05:14:52,1
2010-06-22 00:51:19,1
2010-06-15 21:56:12,1
2010-06-09 04:12:42,1
2010-06-23 03:02:36,1
2010-06-18 16:24:21,1
2010-06-26 20:44:20,1
2010-06-15 16:27:55,1
2010-06-15 13:04:19,1
2010-06-19 08:11:37,1
2010-06-12 02:30:34,1
2010-06-01 03:01:02,1
2010-06-06 17:05:10,1
2010-06-29 11:33:32,1
2010-06-15 06:32:29,1
2010-06-25 12:19:04,1
2010-06-13 22:18:13,1
2010-06-15 09:24:36,1
2010-06-04 21:59:46,1
2010-06-20 01:34:32,1
2010-06-22 18:53:16,1
2010-06-16 02:29:43,1
2010-06-04 00:13:13,1
2010-06-28 04:25:47,1
2010-06-14 11:18:00,1
2010-06-21 15:56:18,1
2010-06-13 14:37:34,1
2010-06-12 06:10:21,1
2010-06-15 10:09:12,1
2010-06-27 10:24:54,1
2010-06-01 09:16:35,1
2010-06-01 05:51:57,1
2010-06-08 15:57:10,1
2010-06-15 07:02:41,1
2010-06-14 22:34:09,1
2010-06-11 07:24:40,1
2010-06-22 02:43:43,1
2010-06-16 12:24:51,1
2010-06-11 12:48:51,1
2010-06-28 23:38:53,1
2010-06-08 07:35:10,1
2010-06-18 11:43:45,1
2010-06-15 16:11:09,1
2010-06-18 09:28:11,1
2010-06-15 15:50:56,1
2010-06-30 22:33:41,1
2010-06-13 19:58:22,1
2010-06-17 07:36:11,1
2010-06-16 19:19:30,1
2010-06-28 07:17:35,1
2010-06-08 06:19:40,1
2010-06-14 09:49:57,1
2010-06-28 08:55:06,1
2010-06-14 12:36:24,1
2010-06-23 23:33:47,1
2010-06-13 10:37:00,1
2010-06-06 14:03:31,1
2010-06-07 02:38:05,1
2010-06-28 11:09:18,1
2010-06-28 13:11:24,1
2010-06-09 20:35:31,1
2010-06-01 14:24:00,1
2010-06-26 12:30:01,1
2010-06-27 16:07:50,1
2010-06-08 14:23:06,1
2010-06-10 19:03:54,1
2010-06-10 04:13:26,1
2010-06-04 13:20:25,1
2010-06-26 04:58:56,1
2010-06-29 10:09:04,1
2010-06-20 02:46:42,1
2010-06-18 16:25:43,1
2010-06-06 04:06:11,1
2010-06-22 12:31:03,1
2010-06-05 00:33:01,1
2010-06-29 10:49:43,1
2010-06-10 10:33:05,1
2010-06-03 06:32:42,1
2010-06-24 17:43:40,1
2010-06-14 22:46:17,1
2010-06-16 11:22:12,1
2010-06-12 06:52:07,1
2010-06-17 04:43:18,1
2010-06-07 08:15:02,1
2010-06-05 15:28:31,1
2010-06-28 03:40:29,1
2010-06-24 20:20:16,1
2010-06-21 10:06:08,1
2010-06-15 01:05:14,1
2010-06-08 17:41:40,1
2010-06-27 12:38:12,1
2010-06-11 18:18:26,1
2010-06-01 12:19:51,1
2010-06-16 02:16:30,1
2010-06-28 12:09:59,1
2010-06-02 13:44:52,1
2010-06-20 09:12:41,1
2010-06-14 18:30:26,1
2010-06-24 19:00:51,1
2010-06-07 15:38:44,1
2010-06-21 00:19:35,1
2010-06-21 12:49:52,1
2010-06-17 10:36:07,1
2010-06-02 00:39:08,1
2010-06-11 16:05:17,1
2010-06-12 02:31:47,1
2010-06-05 12:18:25,1
2010-06-26 16:50:59,1
2010-06-12 08:55:37,1
2010-06-22 17:06:39,1
2010-06-24 10:08:07,1
2010-06-13 19:13:13,1
2010-06-01 03:45:26,1
2010-06-12 10:16:05,1
2010-06-13 11:55:35,1
2010-06-16 06:40:19,1
2010-06-22 13:52:07,1
2010-06-02 01:05:56,1
2010-06-12 01:01:28,1
2010-06-14 16:38:49,1
2010-06-21 08:15:42,1
2010-06-05 15:28:37,1
2010-06-01 04:29:20,1
2010-06-17 06:16:35,1
2010-06-19 09:33:23,1
2010-06-10 01:45:26,1
2010-06-21 07:55:18,1
2010-06-26 11:53:20,1
2010-06-01 14:44:41,1
2010-06-07 19:18:42,1
2010-06-24 18:41:21,1
2010-06-10 19:15:48,1
2010-06-01 18:54:02,1
2010-06-04 18:11:38,1
2010-06-06 17:05:58,1
2010-06-17 16:01:53,1
2010-06-03 09:07:21,1
2010-06-28 23:22:39,1
2010-06-01 06:46:26,1
2010-06-19 23:08:41,1
2010-06-02 00:03:07,1
2010-06-08 23:17:37,1
2010-06-14 08:05:08,1
2010-06-18 12:52:16,1
2010-06-03 04:53:29,1
2010-06-08 10:01:21,1
2010-06-04 22:29:11,1
2010-06-30 04:43:04,1
2010-06-10 03:41:40,1
2010-06-05 02:33:12,1
2010-06-23 15:11:14,1
2010-06-11 02:08:28,1
2010-06-01 07:15:46,1
2010-06-11 08:13:52,1
2010-06-30 10:17:07,1
2010-06-02 07:19:50,1
2010-06-02 08:31:02,1
2010-06-02 08:41:11,1
2010-06-06 11:38:35,1
2010-06-08 17:14:08,1
2010-06-19 00:44:56,1
2010-06-19 02:01:45,1
2010-06-07 02:41:18,1
2010-06-18 06:21:47,1
2010-06-25 02:43:48,1
2010-06-25 00:22:02,1
2010-06-26 21:28:33,1
2010-06-19 00:37:32,1
2010-06-17 13:01:46,1
2010-06-21 16:50:51,1
2010-06-17 10:16:26,1
2010-06-14 13:25:45,1
2010-06-25 22:09:51,1
2010-06-08 20:06:06,1
2010-06-05 14:43:35,1
2010-06-27 16:02:24,1
2010-06-15 07:57:29,1
2010-06-06 15:24:54,1
2010-06-07 01:21:42,1
2010-06-24 07:46:24,1
2010-06-02 07:10:50,1
2010-06-22 03:43:05,1
2010-06-03 14:38:09,1
2010-06-02 06:44:01,1
2010-06-04 15:00:17,1
2010-06-02 05:00:58,1
2010-06-08 22:03:35,1
2010-06-26 22:22:19,1
2010-06-25 22:56:32,1
2010-06-26 12:28:52,1
2010-06-23 19:17:21,1
2010-06-10 09:43:48,1
2010-06-03 23:28:58,1
2010-06-11 07:33:01,1
2010-06-08 21:50:18,1
2010-06-30 18:58:02,1
2010-06-29 07:26:57,1
2010-06-27 06:45:37,1
2010-06-22 11:25:30,1
2010-06-08 04:07:43,1
2010-06-27 13:41:35,1
2010-06-06 18:51:03,1
2010-06-24 02:03:51,1
2010-06-19 08:40:22,1
2010-06-09 22:01:35,1
2010-06-07 04:05:09,1
2010-06-25 11:37:51,1
2010-06-07 02:11:22,1
2010-06-08 19:38:27,1
2010-06-19 16:21:50,1
2010-06-29 06:27:44,1
2010-06-19 13:00:27,1
2010-06-25 21:57:51,1
2010-06-13 10:27:52,1
2010-06-26 21:09:51,1
2010-06-24 10:53:18,1
2010-06-11 09:49:31,1
2010-06-23 12:44:33,1
2010-06-14 09:44:21,1
2010-06-21 11:18:39,1
2010-06-02 01:34:39,1
2010-06-18 04:38:26,1
2010-06-10 00:23:22,1
2010-06-09 06:05:49,1
2010-06-19 23:50:58,1
2010-06-05 22:21:03,1
2010-06-10 17:18:09,1
2010-06-13 12:48:45,1
2010-06-22 01:35:52,1
2010-06-08 20:18:27,1
2010-06-11 23:44:50,1
2010-06-16 23:33:28,1
2010-06-19 00:08:33,1
2010-06-30 12:47:47,1
2010-06-22 18:50:26,1
2010-06-02 13:01:20,1
2010-06-09 17:46:45,1
2010-06-12 06:16:07,1
2010-06-13 16:00:42,1
2010-06-04 04:40:58,1
2010-06-10 18:30:50,1
2010-06-09 10:10:37,1
2010-06-06 20:39:05,1
2010-06-05 18:09:24,1
2010-06-17 12:04:24,1
2010-06-01 16:57:14,1
2010-06-19 07:01:38,1
2010-06-23 09:19:14,1
2010-06-10 14:10:03,1
2010-06-26 15:09:19,1
2010-06-02 23:45:21,1
2010-06-17 07:33:45,1
2010-06-25 00:18:44,1
2010-06-19 08:11:23,1
2010-06-06 23:46:57,1
2010-06-22 14:07:08,1
2010-06-19 07:04:37,1
2010-06-09 19:09:09,1
2010-06-02 22:32:57,1
2010-06-23 12:44:13,1
2010-06-16 18:01:43,1
2010-06-19 00:56:44,1
2010-06-13 20:47:08,1
2010-06-29 14:08:18,1
2010-06-25 04:41:28,1
2010-06-12 05:41:32,1
2010-06-24 12:49:45,1
2010-06-30 07:55:37,1
2010-06-24 06:33:41,1
2010-06-17 02:17:10,1
2010-06-13 19:09:36,1
2010-06-11 16:35:30,1
2010-06-23 06:54:18,1
2010-06-05 00:46:30,1
2010-06-02 07:59:38,1
2010-06-02 22:43:37,1
2010-06-24 05:49:13,1
2010-06-05 07:00:16,1
2010-06-20 13:15:56,1
2010-06-02 08:09:01,1
2010-06-24 15:30:59,1
2010-06-28 01:11:34,1
2010-06-04 16:39:18,1
2010-06-19 17:46:41,1
2010-06-17 21:50:48,1
2010-06-03 20:11:10,1
2010-06-04 14:50:57,1
2010-06-13 00:12:19,1
2010-06-11 02:59:30,1
2010-06-12 06:58:22,1
2010-06-05 16:58:47,1
2010-06-28 13:44:15,1
2010-06-05 04:58:17,1
2010-06-02 03:14:15,1
2010-06-09 12:13:26,1
2010-06-03 03:55:28,1
2010-06-02 05:09:02,1
2010-06-26 22:10:46,1
2010-06-16 21:27:41,1
2010-06-30 05:11:34,1
2010-06-12 04:42:09,1
2010-06-08 08:43:02,1
2010-06-26 08:47:59,1
2010-06-04 17:33:36,1
2010-06-15 14:36:05,1
2010-06-08 11:56:21,1
2010-06-30 22:00:50,1
2010-06-11 07:07:38,1
2010-06-01 06:38:54,1
2010-06-16 05:50:22,1
2010-06-19 07:31:10,1
2010-06-23 02:09:38,1
2010-06-12 10:52:13,1
2010-06-02 16:49:35,1
2010-06-22 15:19:07,1
2010-06-03 00:14:18,1
2010-06-18 11:06:44,1
2010-06-25 22:54:31,1
2010-06-08 05:43:19,1
2010-06-07 00:08:07,1
2010-06-12 13:42:53,1
2010-06-29 02:56:10,1
2010-06-29 14:26:18,1
2010-06-13 18:29:23,1
2010-06-06 02:07:32,1
2010-06-16 09:00:18,1
2010-06-29 18:42:30,1
2010-06-22 07:58:20,1
2010-06-12 03:03:18,1
2010-06-21 04:55:39,1
2010-06-12 01:06:52,1
2010-06-22 05:39:36,1
2010-06-05 08:09:45,1
2010-06-06 14:41:06,1
2010-06-10 00:06:29,1
2010-06-23 20:48:53,1
2010-06-27 10:26:06,1
2010-06-05 00:21:51,1
2010-06-19 02:44:09,1
2010-06-26 12:53:17,1
2010-06-24 02:19:59,1
2010-06-30 09:58:26,1
2010-06-12 19:38:26,1
2010-06-21 21:28:55,1
2010-06-19 00:03:04,1
2010-06-20 17:24:34,1
2010-06-14 09:10:33,1
2010-06-28 16:45:00,1
2010-06-12 09:34:44,1
2010-06-18 07:33:40,1
2010-06-05 16:42:29,1
2010-06-10 02:12:35,1
2010-06-10 00:43:10,1
2010-06-13 04:34:22,1
2010-06-12 14:14:39,1
2010-06-19 08:57:33,1
2010-06-03 07:04:42,1
2010-06-05 20:01:14,1
2010-06-29 17:12:10,1
2010-06-17 03:13:23,1
2010-06-28 17:04:30,1
2010-06-20 14:54:35,1
2010-06-30 23:02:33,1
2010-06-22 11:58:46,1
2010-06-17 17:56:49,1
2010-06-15 13:57:48,1
2010-06-26 05:46:24,1
2010-06-27 17:34:38,1
2010-06-16 13:50:10,1
2010-06-01 05:46:49,1
2010-06-15 02:18:19,1
2010-06-05 00:07:33,1
2010-06-26 14:50:21,1
2010-06-22 02:43:28,1
2010-06-17 11:57:31,1
2010-06-23 10:21:11,1
2010-06-04 19:49:40,1
2010-06-03 01:54:04,1
2010-06-10 13:51:25,1
2010-06-21 14:09:23,1
2010-06-17 15:33:02,1
2010-06-19 23:49:01,1
2010-06-03 10:46:24,1
2010-06-10 20:38:19,1
2010-06-03 21:19:06,1
2010-06-01 08:01:24,1
2010-06-29 20:46:27,1
2010-06-16 21:08:19,1
2010-06-18 07:55:17,1
2010-06-28 03:40:34,1
2010-06-11 23:37:27,1
2010-06-11 17:16:23,1
2010-06-13 17:09:31,1
2010-06-20 07:33:18,1
2010-06-19 09:46:23,1
2010-06-26 14:58:42,1
2010-06-24 11:41:50,1
2010-06-14 13:54:05,1
2010-06-27 08:54:59,1
2010-06-15 17:54:42,1
2010-06-04 21:30:29,1
2010-06-15 05:07:36,1
2010-06-12 20:34:11,1
2010-06-03 12:42:08,1
2010-06-04 13:31:12,1
2010-06-22 20:40:47,1
2010-06-06 00:17:40,1
2010-06-15 13:25:38,1
2010-06-15 08:25:51,1
2010-06-18 01:08:34,1
2010-06-12 04:49:57,1
2010-06-17 04:52:04,1
2010-06-29 15:47:07,1
2010-06-18 23:11:16,1
2010-06-24 10:08:50,1
2010-06-13 18:55:28,1
2010-06-17 12:36:06,1
2010-06-21 18:50:10,1
2010-06-02 12:52:18,1
2010-06-28 00:58:45,1
2010-06-27 12:08:00,1
2010-06-28 14:11:00,1
2010-06-06 00:58:05,1
2010-06-24 00:14:02,1
2010-06-30 13:04:59,1
2010-06-03 00:53:16,1
2010-06-29 13:40:26,1
2010-06-08 18:50:31,1
2010-06-06 13:52:13,1
2010-06-29 03:38:04,1
2010-06-30 01:09:17,1
2010-06-20 20:49:57,1
2010-06-05 10:34:16,1
2010-06-15 09:21:58,1
2010-06-12 15:44:42,1
2010-06-21 21:10:15,1
2010-06-09 22:51:36,1
2010-06-15 22:57:27,1
2010-06-25 16:39:35,1
2010-06-10 06:02:09,1
2010-06-14 12:01:59,1
2010-06-21 01:52:17,1
2010-06-16 02:20:25,1
2010-06-22 21:53:14,1
2010-06-13 05:05:12,1
2010-06-21 04:33:56,1
2010-06-28 20:57:26,1
2010-06-18 12:15:04,1
2010-06-12 00:11:08,1
2010-06-01 11:26:04,1
2010-06-28 08:07:57,1
2010-06-16 23:59:39,1
2010-06-21 14:56:53,1
2010-06-21 20:51:10,1
2010-06-04 02:48:50,1
2010-06-18 08:32:14,1
2010-06-12 04:10:33,1
2010-06-01 20:28:22,1
2010-06-02 07:47:34,1
2010-06-29 02:09:22,1
2010-06-06 17:42:31,1
2010-06-30 13:22:31,1
2010-06-10 15:01:17,1
2010-06-15 19:36:39,1
2010-06-17 10:04:05,1
2010-06-01 23:07:03,1
2010-06-18 18:34:58,1
2010-06-08 22:34:50,1
2010-06-28 17:45:32,1
2010-06-10 09:54:53,1
2010-06-23 02:21:25,1
2010-06-28 14:48:04,1
2010-06-05 15:04:39,1
2010-06-06 17:56:10,1
2010-06-21 01:16:59,1
2010-06-17 07:58:13,1
2010-06-17 16:56:46,1
2010-06-30 09:36:56,1
2010-06-12 16:36:14,1
2010-06-08 13:29:46,1
2010-06-09 07:56:12,1
2010-06-19 08:40:29,1
2010-06-26 11:52:31,1
2010-06-25 02:37:02,1
2010-06-14 10:52:21,1
2010-06-10 13:48:01,1
2010-06-04 16:34:21,1
2010-06-01 01:37:13,1
2010-06-03 21:49:03,1
2010-06-23 02:58:52,1
2010-06-07 09:44:10,1
2010-06-03 05:53:13,1
2010-06-09 03:53:55,1
2010-06-08 10:12:00,1
2010-06-21 15:19:05,1
2010-06-07 16:08:12,1
2010-06-29 11:11:02,1
2010-06-06 20:51:05,1
2010-06-20 08:36:38,1
2010-06-22 12:37:55,1
2010-06-05 15:54:38,1
2010-06-19 15:02:24,1
2010-06-11 15:37:29,1
2010-06-07 01:19:08,1
2010-06-10 11:12:06,1
2010-06-19 19:31:56,1
2010-06-11 02:20:56,1
2010-06-07 16:47:27,1
2010-06-19 08:47:55,1
2010-06-14 05:39:56,1
2010-06-30 04:11:49,1
2010-06-12 00:11:52,1
2010-06-08 09:46:24,1
2010-06-06 03:47:32,1
2010-06-16 05:21:04,1
2010-06-03 12:38:50,1
2010-06-27 01:09:14,1
2010-06-18 14:16:19,1
2010-06-24 17:39:33,1
2010-06-27 11:45:28,1
2010-06-29 04:09:02,1
2010-06-30 05:00:01,1
2010-06-21 15:37:50,1
2010-06-06 18:30:48,1
2010-06-28 22:15:43,1
2010-06-05 01:50:46,1
2010-06-29 21:40:26,1
2010-06-10 02:58:45,1
2010-06-16 04:48:07,1
2010-06-03 01:16:49,1
2010-06-20 18:00:37,1
2010-06-03 16:20:00,1
2010-06-27 00:14:06,1
2010-06-15 06:17:29,1
2010-06-01 10:01:50,1
2010-06-28 17:27:40,1
2010-06-28 02:26:18,1
2010-06-06 11:41:43,1
2010-06-12 11:16:09,1
2010-06-18 04:25:25,1
2010-06-06 02:48:08,1
2010-06-28 02:56:25,1
2010-06-09 20:16:39,1
2010-06-02 06:52:08,1
2010-06-09 08:14:25,1
2010-06-30 14:04:49,1
2010-06-07 11:02:13,1
2010-06-10 09:31:00,1
2010-06-29 06:44:33,1
2010-06-11 09:27:51,1
2010-06-12 20:47:22,1
2010-06-10 19:16:22,1
2010-06-29 05:25:43,1
2010-06-21 04:56:51,1
2010-06-24 22:15:07,1
2010-06-24 14:14:30,1
2010-06-14 00:12:24,1
2010-06-09 05:53:28,1
2010-06-05 00:07:16,1
2010-06-18 16:56:31,1
2010-06-29 20:23:55,1
2010-06-01 10:14:55,1
2010-06-08 13:06:48,1
2010-06-18 02:26:37,1
2010-06-03 05:54:44,1
2010-06-26 04:58:03,1
2010-06-11 05:30:44,1
2010-06-02 10:12:52,1
2010-06-17 23:22:11,1
2010-06-17 04:56:19,1
2010-06-25 23:11:26,1
2010-06-19 05:26:34,1
2010-06-15 05:40:51,1
2010-06-30 13:20:48,1
2010-06-05 07:37:50,1
2010-06-28 05:13:18,1
2010-06-14 00:44:12,1
2010-06-14 21:32:18,1
2010-06-29 07:53:15,1
2010-06-16 15:25:20,1
2010-06-26 12:38:37,1
2010-06-14 07:17:50,1
2010-06-21 17:46:57,1
2010-06-06 20:29:17,1
2010-06-02 07:28:56,1
2010-06-12 17:47:36,1
2010-06-08 12:56:37,1
2010-06-05 05:44:21,1
2010-06-05 19:09:32,1
2010-06-15 10:08:15,1
2010-06-30 21:17:22,1
2010-06-09 19:28:59,1
2010-06-11 14:00:35,1
2010-06-17 19:44:10,1
2010-06-25 02:30:50,1
2010-06-25 01:03:23,1
2010-06-30 03:53:11,1
2010-06-27 16:50:54,1
2010-06-17 04:05:37,1
2010-06-08 22:52:15,1
2010-06-22 12:49:03,1
2010-06-24 07:18:07,1
2010-06-05 02:56:59,1
2010-06-18 09:11:03,1
2010-06-19 03:42:08,1
2010-06-23 01:28:49,1
2010-06-03 06:32:43,1
2010-06-27 07:57:43,1
2010-06-29 14:21:13,1
2010-06-23 19:32:41,1
2010-06-12 10:49:43,1
2010-06-27 03:43:51,1
2010-06-05 10:57:59,1
2010-06-03 10:15:23,1
2010-06-12 19:52:25,1
2010-06-14 01:05:00,1
2010-06-13 08:37:35,1
2010-06-28 16:44:50,1
2010-06-15 10:11:49,1
2010-06-01 13:05:12,1
2010-06-30 21:40:08,1
2010-06-16 01:10:50,1
2010-06-20 09:28:49,1
2010-06-26 04:09:11,1
2010-06-09 08:34:32,1
2010-06-03 01:41:21,1
2010-06-16 14:47:49,1
2010-06-11 09:23:32,1
2010-06-28 10:01:30,1
2010-06-08 08:07:26,1
2010-06-30 20:06:02,1
2010-06-10 04:06:01,1
2010-06-23 07:49:43,1
2010-06-21 05:04:32,1
2010-06-14 08:59:08,1
2010-06-09 22:45:13,1
2010-06-07 10:21:56,1
2010-06-10 23:14:31,1
2010-06-20 17:08:28,1
2010-06-08 01:19:25,1
2010-06-17 03:18:07,1
2010-06-21 05:46:28,1
2010-06-24 23:47:08,1
2010-06-19 13:03:26,1
2010-06-14 06:30:02,1
2010-06-17 05:23:54,1
2010-06-28 13:00:28,1
2010-06-25 05:28:29,1
2010-06-21 15:35:15,1
2010-06-12 18:08:07,1
2010-06-06 04:11:29,1
2010-06-14 16:26:35,1
2010-06-10 10:36:46,1
2010-06-20 04:01:47,1
2010-06-25 08:22:03,1
2010-06-04 02:22:23,1
2010-06-29 03:24:26,1
2010-06-02 13:20:06,1
2010-06-13 10:06:33,1
2010-06-02 14:47:12,1
2010-06-01 23:53:06,1
2010-06-17 07:33:08,1
2010-06-29 13:33:21,1
2010-06-07 16:37:33,1
2010-06-16 20:35:59,1
2010-06-26 15:00:35,1
2010-06-02 07:11:03,1
2010-06-21 07:40:27,1
2010-06-15 07:03:43,1
2010-06-14 07:08:50,1
2010-06-23 15:32:32,1
2010-06-19 08:00:10,1
2010-06-02 13:33:51,1
2010-06-10 22:01:43,1
2010-06-07 13:44:12,1
2010-06-14 09:32:08,1
2010-06-03 17:00:44,1
2010-06-12 05:22:37,1
2010-06-27 18:25:28,1
2010-06-14 07:03:18,1
2010-06-09 17:15:27,1
2010-06-01 13:08:22,1
2010-06-12 12:19:23,1
2010-06-16 05:29:18,1
2010-06-04 10:30:39,1
2010-06-29 18:23:55,1
2010-06-12 05:20:58,1
2010-06-03 13:05:43,1
2010-06-01 09:55:20,1
2010-06-05 19:31:07,1
2010-06-03 23:00:37,1
2010-06-12 02:04:46,1
2010-06-04 07:29:56,1
2010-06-10 02:18:17,1
2010-06-27 14:24:34,1
2010-06-04 13:22:57,1
2010-06-28 11:35:00,1
2010-06-12 20:44:30,1
2010-06-30 09:32:18,1
2010-06-15 03:35:29,1
2010-06-24 04:51:38,1
2010-06-30 00:42:29,1
2010-06-18 15:07:12,1
2010-06-10 06:29:38,1
2010-06-23 13:00:58,1
2010-06-18 07:14:20,1
2010-06-02 00:37:02,1
2010-06-05 18:11:14,1
2010-06-06 16:58:31,1
2010-06-16 17:04:30,1
2010-06-17 12:20:33,1
2010-06-13 11:44:16,1
2010-06-04 21:32:31,1
2010-06-09 09:38:05,1
2010-06-10 17:56:23,1
2010-06-09 05:06:12,1
2010-06-30 22:57:47,1
2010-06-11 11:43:42,1
2010-06-10 03:33:59,1
2010-06-16 04:00:22,1
2010-06-16 03:49:43,1
2010-06-21 05:47:49,1
2010-06-23 19:22:50,1
2010-06-01 06:23:18,1
2010-06-16 00:03:59,1
2010-06-10 12:44:48,1
2010-06-07 19:39:08,1
2010-06-24 12:21:02,1
2010-06-06 08:40:40,1
2010-06-23 05:54:19,1
2010-06-04 12:16:28,1
2010-06-20 04:50:26,1
2010-06-30 01:25:38,1
2010-06-21 03:20:10,1
2010-06-07 02:38:36,1
2010-06-21 01:16:24,1
2010-06-25 02:47:53,1
2010-06-08 02:49:17,1
2010-06-06 13:16:28,1
2010-06-08 09:23:44,1
2010-06-18 04:23:44,1
2010-06-19 05:29:28,1
2010-06-10 11:25:55,1
2010-06-11 12:42:32,1
2010-06-18 04:50:51,1
2010-06-30 01:42:16,1
2010-06-17 17:35:35,1
2010-06-08 14:25:47,1
2010-06-08 14:18:29,1
2010-06-03 08:00:46,1
2010-06-08 12:01:59,1
2010-06-17 05:39:52,1
2010-06-19 16:55:20,1
2010-06-16 01:05:32,1
2010-06-12 20:31:36,1
2010-06-22 10:51:42,1
2010-06-27 09:05:33,1
2010-06-02 10:55:36,1
2010-06-21 13:50:31,1
2010-06-13 03:09:40,1
2010-06-01 13:05:50,1
2010-06-01 19:12:17,1
2010-06-20 08:46:45,1
2010-06-08 06:51:28,1
2010-06-25 05:00:21,1
2010-06-05 22:53:28,1
2010-06-14 10:59:01,1
2010-06-18 06:13:03,1
2010-06-16 02:38:38,1
2010-06-19 14:15:42,1
2010-06-06 17:40:45,1
2010-06-07 07:00:37,1
2010-06-11 07:43:33,1
2010-06-24 23:26:08,1
2010-06-24 12:53:25,1
2010-06-02 21:30:36,1
2010-06-06 11:16:45,1
2010-06-20 06:39:45,1
2010-06-16 09:18:23,1
2010-06-23 02:52:41,1
2010-06-30 07:36:23,1
2010-06-24 20:53:05,1
2010-06-10 13:20:41,1
2010-06-12 14:52:48,1
2010-06-07 07:47:42,1
2010-06-13 08:29:53,1
2010-06-24 23:15:06,1
2010-06-02 23:23:22,1
2010-06-29 14:17:16,1
2010-06-22 21:20:53,1
2010-06-22 11:42:44,1
2010-06-29 04:21:13,1
2010-06-10 14:09:57,1
2010-06-24 06:51:03,1
2010-06-27 07:44:50,1
2010-06-07 12:45:13,1
2010-06-05 06:27:21,1
2010-06-18 23:34:27,1
2010-06-10 08:46:54,1
2010-06-13 01:07:25,1
2010-06-26 12:13:41,1
2010-06-23 04:20:37,1
2010-06-11 15:49:45,1
2010-06-14 16:20:53,1
2010-06-30 18:56:48,1
2010-06-05 09:27:57,1
2010-06-28 08:19:49,1
2010-06-05 05:47:04,1
2010-06-23 21:06:50,1
2010-06-27 04:31:14,1
2010-06-03 13:29:02,1
2010-06-23 03:11:58,1
2010-06-30 20:34:38,1
2010-06-27 03:34:56,1
2010-06-06 21:39:24,1
2010-06-15 19:35:57,1
2010-06-11 02:14:09,1
2010-06-07 15:40:38,1
2010-06-17 17:45:05,1
2010-06-22 22:42:49,1
2010-06-18 00:50:49,1
2010-06-05 13:37:59,1
2010-06-26 14:35:29,1
2010-06-21 21:16:06,1
2010-06-06 21:52:36,1
2010-06-27 06:52:51,1
2010-06-28 18:00:43,1
2010-06-09 09:49:06,1
2010-06-09 17:43:35,1
2010-06-08 12:45:35,1
2010-06-30 20:42:42,1
2010-06-18 02:19:01,1
2010-06-24 18:24:42,1
2010-06-07 01:34:00,1
2010-06-23 02:49:07,1
2010-06-16 09:45:23,1
2010-06-17 13:41:17,1
2010-06-13 13:28:01,1
2010-06-30 02:11:18,1
2010-06-20 11:41:25,1
2010-06-23 02:51:58,1
2010-06-26 09:50:15,1
2010-06-14 00:11:33,1
2010-06-18 03:58:41,1
2010-06-01 07:38:41,1
2010-06-08 11:28:50,1
2010-06-12 22:24:28,1
2010-06-19 13:39:07,1
2010-06-25 03:51:26,1
2010-06-01 06:59:08,1
2010-06-02 08:45:34,1
2010-06-30 08:58:40,1
2010-06-23 11:54:45,1
2010-06-16 02:28:34,1
2010-06-06 15:07:37,1
2010-06-18 15:55:59,1
2010-06-16 00:14:54,1
2010-06-07 05:26:52,1
2010-06-25 08:55:12,1
2010-06-02 21:30:28,1
2010-06-19 01:07:27,1
2010-06-07 05:07:20,1
2010-06-05 04:06:28,1
2010-06-22 09:54:10,1
2010-06-18 02:54:24,1
2010-06-09 06:44:30,1
2010-06-18 08:44:26,1
2010-06-20 13:55:42,1
2010-06-14 05:16:56,1
2010-06-06 18:32:02,1
2010-06-22 07:31:30,1
2010-06-23 06:41:04,1
2010-06-28 02:35:07,1
2010-06-28 15:46:32,1
2010-06-03 21:04:43,1
2010-06-03 05:09:06,1
2010-06-18 14:14:17,1
2010-06-08 19:44:34,1
2010-06-06 14:39:29,1
2010-06-05 08:12:40,1
2010-06-20 14:42:21,1
2010-06-04 08:57:35,1
2010-06-30 03:23:06,1
2010-06-15 13:09:14,1
2010-06-26 02:15:11,1
2010-06-04 07:37:04,1
2010-06-04 10:15:56,1
2010-06-12 22:43:49,1
2010-06-24 17:49:55,1
2010-06-17 05:57:57,1
2010-06-16 00:15:08,1
2010-06-16 07:59:20,1
2010-06-05 06:05:37,1
2010-06-05 15:29:18,1
2010-06-17 13:40:22,1
2010-06-07 16:10:18,1
2010-06-13 22:22:11,1
2010-06-23 09:58:22,1
2010-06-06 00:45:33,1
2010-06-12 16:30:20,1
2010-06-19 16:17:43,1
2010-06-26 13:48:38,1
2010-06-04 04:59:02,1
2010-06-09 20:14:47,1
2010-06-05 09:41:55,1
2010-06-16 19:05:05,1
2010-06-16 04:38:33,1
2010-06-03 10:25:04,1
2010-06-10 14:35:25,1
2010-06-22 09:00:28,1
2010-06-18 03:19:31,1
2010-06-03 22:09:00,1
2010-06-24 23:47:02,1
2010-06-15 02:09:03,1
2010-06-04 15:55:35,1
2010-06-26 12:42:24,1
2010-06-21 11:34:50,1
2010-06-03 06:14:16,1
2010-06-11 03:13:46,1
2010-06-20 03:08:46,1
2010-06-09 12:15:24,1
2010-06-24 00:04:38,1
2010-06-04 06:24:55,1
2010-06-07 11:13:55,1
2010-06-15 12:33:09,1
2010-06-27 13:19:53,1
2010-06-21 14:33:09,1
2010-06-19 05:58:29,1
2010-06-13 06:54:23,1
2010-06-28 01:22:01,1
2010-06-11 13:21:04,1
2010-06-05 15:43:40,1
2010-06-06 07:22:15,1
2010-06-13 12:11:04,1
2010-06-22 10:58:20,1
2010-06-27 05:39:13,1
2010-06-28 00:52:04,1
2010-06-03 11:30:02,1
2010-06-23 13:49:54,1
2010-06-06 15:43:01,1
2010-06-29 20:13:15,1
2010-06-22 03:45:16,1
2010-06-06 21:38:56,1
2010-06-25 17:17:47,1
2010-06-10 14:35:37,1
2010-06-17 04:05:01,1
2010-06-10 10:57:02,1
2010-06-01 12:28:53,1
2010-06-12 14:30:08,1
2010-06-23 00:21:51,1
2010-06-18 01:10:46,1
2010-06-28 01:52:56,1
2010-06-16 20:59:20,1
2010-06-22 16:19:49,1
2010-06-22 07:28:59,1
2010-06-02 23:27:26,1
2010-06-12 05:29:00,1
2010-06-24 16:47:59,1
2010-06-15 13:59:12,1
2010-06-17 18:03:30,1
2010-06-13 02:46:49,1
2010-06-08 20:47:43,1
2010-06-30 14:44:40,1
2010-06-11 00:09:02,1
2010-06-28 12:27:25,1
2010-06-15 02:51:35,1
2010-06-26 07:17:31,1
2010-06-14 23:46:40,1
2010-06-04 04:06:23,1
2010-06-28 02:39:13,1
2010-06-27 15:21:11,1
2010-06-25 06:02:51,1
2010-06-28 11:05:53,1
2010-06-10 11:30:54,1
2010-06-20 11:53:54,1
2010-06-03 14:44:21,1
2010-06-23 01:21:12,1
2010-06-10 04:04:31,1
2010-06-05 19:13:43,1
2010-06-20 13:14:16,1
2010-06-10 11:37:17,1
2010-06-09 02:00:47,1
2010-06-02 14:11:25,1
2010-06-14 10:21:18,1
2010-06-23 06:31:47,1
2010-06-04 15:02:56,1
2010-06-09 16:05:42,1
2010-06-07 18:11:11,1
2010-06-07 02:31:32,1
2010-06-13 07:06:48,1
2010-06-15 07:42:04,1
2010-06-25 09:38:49,1
2010-06-14 08:52:29,1
2010-06-14 13:52:51,1
2010-06-07 14:03:57,1
2010-06-28 13:25:03,1
2010-06-22 14:04:27,1
2010-06-23 22:47:07,1
2010-06-16 06:06:21,1
2010-06-15 11:37:21,1
2010-06-05 17:22:47,1
2010-06-07 01:35:09,1
2010-06-12 05:35:21,1
2010-06-22 08:15:54,1
2010-06-27 06:16:01,1
2010-06-22 10:12:11,1
2010-06-09 15:43:30,1
2010-06-17 19:20:32,1
